,image,mask
0,CMU_a_0050642_abide_msp.nii-slice000.jpg,CMU_a_0050642_abide_cc.nii-slice000.jpg
1,CMU_a_0050646_abide_msp.nii-slice000.jpg,CMU_a_0050646_abide_cc.nii-slice000.jpg
2,CMU_a_0050647_abide_msp.nii-slice000.jpg,CMU_a_0050647_abide_cc.nii-slice000.jpg
3,CMU_a_0050649_abide_msp.nii-slice000.jpg,CMU_a_0050649_abide_cc.nii-slice000.jpg
4,CMU_a_0050653_abide_msp.nii-slice000.jpg,CMU_a_0050653_abide_cc.nii-slice000.jpg
5,CMU_a_0050654_abide_msp.nii-slice000.jpg,CMU_a_0050654_abide_cc.nii-slice000.jpg
6,CMU_a_0050656_abide_msp.nii-slice000.jpg,CMU_a_0050656_abide_cc.nii-slice000.jpg
7,CMU_a_0050659_abide_msp.nii-slice000.jpg,CMU_a_0050659_abide_cc.nii-slice000.jpg
8,CMU_a_0050660_abide_msp.nii-slice000.jpg,CMU_a_0050660_abide_cc.nii-slice000.jpg
9,CMU_a_0050663_abide_msp.nii-slice000.jpg,CMU_a_0050663_abide_cc.nii-slice000.jpg
10,CMU_a_0050664_abide_msp.nii-slice000.jpg,CMU_a_0050664_abide_cc.nii-slice000.jpg
11,CMU_a_0050665_abide_msp.nii-slice000.jpg,CMU_a_0050665_abide_cc.nii-slice000.jpg
12,CMU_a_0050666_abide_msp.nii-slice000.jpg,CMU_a_0050666_abide_cc.nii-slice000.jpg
13,CMU_a_0050668_abide_msp.nii-slice000.jpg,CMU_a_0050668_abide_cc.nii-slice000.jpg
14,CMU_b_0050643_abide_msp.nii-slice000.jpg,CMU_b_0050643_abide_cc.nii-slice000.jpg
15,CMU_b_0050644_abide_msp.nii-slice000.jpg,CMU_b_0050644_abide_cc.nii-slice000.jpg
16,CMU_b_0050645_abide_msp.nii-slice000.jpg,CMU_b_0050645_abide_cc.nii-slice000.jpg
17,CMU_b_0050648_abide_msp.nii-slice000.jpg,CMU_b_0050648_abide_cc.nii-slice000.jpg
18,CMU_b_0050650_abide_msp.nii-slice000.jpg,CMU_b_0050650_abide_cc.nii-slice000.jpg
19,CMU_b_0050651_abide_msp.nii-slice000.jpg,CMU_b_0050651_abide_cc.nii-slice000.jpg
20,CMU_b_0050652_abide_msp.nii-slice000.jpg,CMU_b_0050652_abide_cc.nii-slice000.jpg
21,CMU_b_0050655_abide_msp.nii-slice000.jpg,CMU_b_0050655_abide_cc.nii-slice000.jpg
22,CMU_b_0050657_abide_msp.nii-slice000.jpg,CMU_b_0050657_abide_cc.nii-slice000.jpg
23,CMU_b_0050658_abide_msp.nii-slice000.jpg,CMU_b_0050658_abide_cc.nii-slice000.jpg
24,CMU_b_0050661_abide_msp.nii-slice000.jpg,CMU_b_0050661_abide_cc.nii-slice000.jpg
25,CMU_b_0050667_abide_msp.nii-slice000.jpg,CMU_b_0050667_abide_cc.nii-slice000.jpg
26,CMU_b_0050669_abide_msp.nii-slice000.jpg,CMU_b_0050669_abide_cc.nii-slice000.jpg
27,Caltech_0051456_abide_msp.nii-slice000.jpg,Caltech_0051456_abide_cc.nii-slice000.jpg
28,Caltech_0051457_abide_msp.nii-slice000.jpg,Caltech_0051457_abide_cc.nii-slice000.jpg
29,Caltech_0051458_abide_msp.nii-slice000.jpg,Caltech_0051458_abide_cc.nii-slice000.jpg
30,Caltech_0051459_abide_msp.nii-slice000.jpg,Caltech_0051459_abide_cc.nii-slice000.jpg
31,Caltech_0051460_abide_msp.nii-slice000.jpg,Caltech_0051460_abide_cc.nii-slice000.jpg
32,Caltech_0051461_abide_msp.nii-slice000.jpg,Caltech_0051461_abide_cc.nii-slice000.jpg
33,Caltech_0051462_abide_msp.nii-slice000.jpg,Caltech_0051462_abide_cc.nii-slice000.jpg
34,Caltech_0051463_abide_msp.nii-slice000.jpg,Caltech_0051463_abide_cc.nii-slice000.jpg
35,Caltech_0051464_abide_msp.nii-slice000.jpg,Caltech_0051464_abide_cc.nii-slice000.jpg
36,Caltech_0051465_abide_msp.nii-slice000.jpg,Caltech_0051465_abide_cc.nii-slice000.jpg
37,Caltech_0051466_abide_msp.nii-slice000.jpg,Caltech_0051466_abide_cc.nii-slice000.jpg
38,Caltech_0051467_abide_msp.nii-slice000.jpg,Caltech_0051467_abide_cc.nii-slice000.jpg
39,Caltech_0051468_abide_msp.nii-slice000.jpg,Caltech_0051468_abide_cc.nii-slice000.jpg
40,Caltech_0051469_abide_msp.nii-slice000.jpg,Caltech_0051469_abide_cc.nii-slice000.jpg
41,Caltech_0051470_abide_msp.nii-slice000.jpg,Caltech_0051470_abide_cc.nii-slice000.jpg
42,Caltech_0051471_abide_msp.nii-slice000.jpg,Caltech_0051471_abide_cc.nii-slice000.jpg
43,Caltech_0051472_abide_msp.nii-slice000.jpg,Caltech_0051472_abide_cc.nii-slice000.jpg
44,Caltech_0051473_abide_msp.nii-slice000.jpg,Caltech_0051473_abide_cc.nii-slice000.jpg
45,Caltech_0051474_abide_msp.nii-slice000.jpg,Caltech_0051474_abide_cc.nii-slice000.jpg
46,Caltech_0051475_abide_msp.nii-slice000.jpg,Caltech_0051475_abide_cc.nii-slice000.jpg
47,Caltech_0051476_abide_msp.nii-slice000.jpg,Caltech_0051476_abide_cc.nii-slice000.jpg
48,Caltech_0051477_abide_msp.nii-slice000.jpg,Caltech_0051477_abide_cc.nii-slice000.jpg
49,Caltech_0051478_abide_msp.nii-slice000.jpg,Caltech_0051478_abide_cc.nii-slice000.jpg
50,Caltech_0051479_abide_msp.nii-slice000.jpg,Caltech_0051479_abide_cc.nii-slice000.jpg
51,Caltech_0051480_abide_msp.nii-slice000.jpg,Caltech_0051480_abide_cc.nii-slice000.jpg
52,Caltech_0051481_abide_msp.nii-slice000.jpg,Caltech_0051481_abide_cc.nii-slice000.jpg
53,Caltech_0051482_abide_msp.nii-slice000.jpg,Caltech_0051482_abide_cc.nii-slice000.jpg
54,Caltech_0051483_abide_msp.nii-slice000.jpg,Caltech_0051483_abide_cc.nii-slice000.jpg
55,Caltech_0051484_abide_msp.nii-slice000.jpg,Caltech_0051484_abide_cc.nii-slice000.jpg
56,Caltech_0051485_abide_msp.nii-slice000.jpg,Caltech_0051485_abide_cc.nii-slice000.jpg
57,Caltech_0051486_abide_msp.nii-slice000.jpg,Caltech_0051486_abide_cc.nii-slice000.jpg
58,Caltech_0051487_abide_msp.nii-slice000.jpg,Caltech_0051487_abide_cc.nii-slice000.jpg
59,Caltech_0051488_abide_msp.nii-slice000.jpg,Caltech_0051488_abide_cc.nii-slice000.jpg
60,Caltech_0051489_abide_msp.nii-slice000.jpg,Caltech_0051489_abide_cc.nii-slice000.jpg
61,Caltech_0051490_abide_msp.nii-slice000.jpg,Caltech_0051490_abide_cc.nii-slice000.jpg
62,Caltech_0051491_abide_msp.nii-slice000.jpg,Caltech_0051491_abide_cc.nii-slice000.jpg
63,Caltech_0051492_abide_msp.nii-slice000.jpg,Caltech_0051492_abide_cc.nii-slice000.jpg
64,Caltech_0051493_abide_msp.nii-slice000.jpg,Caltech_0051493_abide_cc.nii-slice000.jpg
65,KKI_0050772_abide_msp.nii-slice000.jpg,KKI_0050772_abide_cc.nii-slice000.jpg
66,KKI_0050773_abide_msp.nii-slice000.jpg,KKI_0050773_abide_cc.nii-slice000.jpg
67,KKI_0050774_abide_msp.nii-slice000.jpg,KKI_0050774_abide_cc.nii-slice000.jpg
68,KKI_0050775_abide_msp.nii-slice000.jpg,KKI_0050775_abide_cc.nii-slice000.jpg
69,KKI_0050776_abide_msp.nii-slice000.jpg,KKI_0050776_abide_cc.nii-slice000.jpg
70,KKI_0050777_abide_msp.nii-slice000.jpg,KKI_0050777_abide_cc.nii-slice000.jpg
71,KKI_0050778_abide_msp.nii-slice000.jpg,KKI_0050778_abide_cc.nii-slice000.jpg
72,KKI_0050779_abide_msp.nii-slice000.jpg,KKI_0050779_abide_cc.nii-slice000.jpg
73,KKI_0050780_abide_msp.nii-slice000.jpg,KKI_0050780_abide_cc.nii-slice000.jpg
74,KKI_0050781_abide_msp.nii-slice000.jpg,KKI_0050781_abide_cc.nii-slice000.jpg
75,KKI_0050782_abide_msp.nii-slice000.jpg,KKI_0050782_abide_cc.nii-slice000.jpg
76,KKI_0050783_abide_msp.nii-slice000.jpg,KKI_0050783_abide_cc.nii-slice000.jpg
77,KKI_0050784_abide_msp.nii-slice000.jpg,KKI_0050784_abide_cc.nii-slice000.jpg
78,KKI_0050785_abide_msp.nii-slice000.jpg,KKI_0050785_abide_cc.nii-slice000.jpg
79,KKI_0050786_abide_msp.nii-slice000.jpg,KKI_0050786_abide_cc.nii-slice000.jpg
80,KKI_0050787_abide_msp.nii-slice000.jpg,KKI_0050787_abide_cc.nii-slice000.jpg
81,KKI_0050788_abide_msp.nii-slice000.jpg,KKI_0050788_abide_cc.nii-slice000.jpg
82,KKI_0050789_abide_msp.nii-slice000.jpg,KKI_0050789_abide_cc.nii-slice000.jpg
83,KKI_0050790_abide_msp.nii-slice000.jpg,KKI_0050790_abide_cc.nii-slice000.jpg
84,KKI_0050791_abide_msp.nii-slice000.jpg,KKI_0050791_abide_cc.nii-slice000.jpg
85,KKI_0050792_abide_msp.nii-slice000.jpg,KKI_0050792_abide_cc.nii-slice000.jpg
86,KKI_0050793_abide_msp.nii-slice000.jpg,KKI_0050793_abide_cc.nii-slice000.jpg
87,KKI_0050794_abide_msp.nii-slice000.jpg,KKI_0050794_abide_cc.nii-slice000.jpg
88,KKI_0050795_abide_msp.nii-slice000.jpg,KKI_0050795_abide_cc.nii-slice000.jpg
89,KKI_0050796_abide_msp.nii-slice000.jpg,KKI_0050796_abide_cc.nii-slice000.jpg
90,KKI_0050797_abide_msp.nii-slice000.jpg,KKI_0050797_abide_cc.nii-slice000.jpg
91,KKI_0050798_abide_msp.nii-slice000.jpg,KKI_0050798_abide_cc.nii-slice000.jpg
92,KKI_0050799_abide_msp.nii-slice000.jpg,KKI_0050799_abide_cc.nii-slice000.jpg
93,KKI_0050800_abide_msp.nii-slice000.jpg,KKI_0050800_abide_cc.nii-slice000.jpg
94,KKI_0050801_abide_msp.nii-slice000.jpg,KKI_0050801_abide_cc.nii-slice000.jpg
95,KKI_0050802_abide_msp.nii-slice000.jpg,KKI_0050802_abide_cc.nii-slice000.jpg
96,KKI_0050803_abide_msp.nii-slice000.jpg,KKI_0050803_abide_cc.nii-slice000.jpg
97,KKI_0050804_abide_msp.nii-slice000.jpg,KKI_0050804_abide_cc.nii-slice000.jpg
98,KKI_0050805_abide_msp.nii-slice000.jpg,KKI_0050805_abide_cc.nii-slice000.jpg
99,KKI_0050806_abide_msp.nii-slice000.jpg,KKI_0050806_abide_cc.nii-slice000.jpg
100,KKI_0050807_abide_msp.nii-slice000.jpg,KKI_0050807_abide_cc.nii-slice000.jpg
101,KKI_0050808_abide_msp.nii-slice000.jpg,KKI_0050808_abide_cc.nii-slice000.jpg
102,KKI_0050809_abide_msp.nii-slice000.jpg,KKI_0050809_abide_cc.nii-slice000.jpg
103,KKI_0050810_abide_msp.nii-slice000.jpg,KKI_0050810_abide_cc.nii-slice000.jpg
104,KKI_0050811_abide_msp.nii-slice000.jpg,KKI_0050811_abide_cc.nii-slice000.jpg
105,KKI_0050812_abide_msp.nii-slice000.jpg,KKI_0050812_abide_cc.nii-slice000.jpg
106,KKI_0050813_abide_msp.nii-slice000.jpg,KKI_0050813_abide_cc.nii-slice000.jpg
107,KKI_0050814_abide_msp.nii-slice000.jpg,KKI_0050814_abide_cc.nii-slice000.jpg
108,KKI_0050815_abide_msp.nii-slice000.jpg,KKI_0050815_abide_cc.nii-slice000.jpg
109,KKI_0050816_abide_msp.nii-slice000.jpg,KKI_0050816_abide_cc.nii-slice000.jpg
110,KKI_0050817_abide_msp.nii-slice000.jpg,KKI_0050817_abide_cc.nii-slice000.jpg
111,KKI_0050818_abide_msp.nii-slice000.jpg,KKI_0050818_abide_cc.nii-slice000.jpg
112,KKI_0050819_abide_msp.nii-slice000.jpg,KKI_0050819_abide_cc.nii-slice000.jpg
113,KKI_0050820_abide_msp.nii-slice000.jpg,KKI_0050820_abide_cc.nii-slice000.jpg
114,KKI_0050821_abide_msp.nii-slice000.jpg,KKI_0050821_abide_cc.nii-slice000.jpg
115,KKI_0050822_abide_msp.nii-slice000.jpg,KKI_0050822_abide_cc.nii-slice000.jpg
116,KKI_0050823_abide_msp.nii-slice000.jpg,KKI_0050823_abide_cc.nii-slice000.jpg
117,KKI_0050824_abide_msp.nii-slice000.jpg,KKI_0050824_abide_cc.nii-slice000.jpg
118,KKI_0050825_abide_msp.nii-slice000.jpg,KKI_0050825_abide_cc.nii-slice000.jpg
119,KKI_0050826_abide_msp.nii-slice000.jpg,KKI_0050826_abide_cc.nii-slice000.jpg
120,Leuven_1_0050682_abide_msp.nii-slice000.jpg,Leuven_1_0050682_abide_cc.nii-slice000.jpg
121,Leuven_1_0050683_abide_msp.nii-slice000.jpg,Leuven_1_0050683_abide_cc.nii-slice000.jpg
122,Leuven_1_0050685_abide_msp.nii-slice000.jpg,Leuven_1_0050685_abide_cc.nii-slice000.jpg
123,Leuven_1_0050686_abide_msp.nii-slice000.jpg,Leuven_1_0050686_abide_cc.nii-slice000.jpg
124,Leuven_1_0050687_abide_msp.nii-slice000.jpg,Leuven_1_0050687_abide_cc.nii-slice000.jpg
125,Leuven_1_0050688_abide_msp.nii-slice000.jpg,Leuven_1_0050688_abide_cc.nii-slice000.jpg
126,Leuven_1_0050689_abide_msp.nii-slice000.jpg,Leuven_1_0050689_abide_cc.nii-slice000.jpg
127,Leuven_1_0050690_abide_msp.nii-slice000.jpg,Leuven_1_0050690_abide_cc.nii-slice000.jpg
128,Leuven_1_0050691_abide_msp.nii-slice000.jpg,Leuven_1_0050691_abide_cc.nii-slice000.jpg
129,Leuven_1_0050692_abide_msp.nii-slice000.jpg,Leuven_1_0050692_abide_cc.nii-slice000.jpg
130,Leuven_1_0050693_abide_msp.nii-slice000.jpg,Leuven_1_0050693_abide_cc.nii-slice000.jpg
131,Leuven_1_0050694_abide_msp.nii-slice000.jpg,Leuven_1_0050694_abide_cc.nii-slice000.jpg
132,Leuven_1_0050695_abide_msp.nii-slice000.jpg,Leuven_1_0050695_abide_cc.nii-slice000.jpg
133,Leuven_1_0050696_abide_msp.nii-slice000.jpg,Leuven_1_0050696_abide_cc.nii-slice000.jpg
134,Leuven_1_0050697_abide_msp.nii-slice000.jpg,Leuven_1_0050697_abide_cc.nii-slice000.jpg
135,Leuven_1_0050698_abide_msp.nii-slice000.jpg,Leuven_1_0050698_abide_cc.nii-slice000.jpg
136,Leuven_1_0050699_abide_msp.nii-slice000.jpg,Leuven_1_0050699_abide_cc.nii-slice000.jpg
137,Leuven_1_0050700_abide_msp.nii-slice000.jpg,Leuven_1_0050700_abide_cc.nii-slice000.jpg
138,Leuven_1_0050701_abide_msp.nii-slice000.jpg,Leuven_1_0050701_abide_cc.nii-slice000.jpg
139,Leuven_1_0050702_abide_msp.nii-slice000.jpg,Leuven_1_0050702_abide_cc.nii-slice000.jpg
140,Leuven_1_0050703_abide_msp.nii-slice000.jpg,Leuven_1_0050703_abide_cc.nii-slice000.jpg
141,Leuven_1_0050704_abide_msp.nii-slice000.jpg,Leuven_1_0050704_abide_cc.nii-slice000.jpg
142,Leuven_1_0050705_abide_msp.nii-slice000.jpg,Leuven_1_0050705_abide_cc.nii-slice000.jpg
143,Leuven_1_0050706_abide_msp.nii-slice000.jpg,Leuven_1_0050706_abide_cc.nii-slice000.jpg
144,Leuven_1_0050707_abide_msp.nii-slice000.jpg,Leuven_1_0050707_abide_cc.nii-slice000.jpg
145,Leuven_1_0050708_abide_msp.nii-slice000.jpg,Leuven_1_0050708_abide_cc.nii-slice000.jpg
146,Leuven_1_0050709_abide_msp.nii-slice000.jpg,Leuven_1_0050709_abide_cc.nii-slice000.jpg
147,Leuven_1_0050710_abide_msp.nii-slice000.jpg,Leuven_1_0050710_abide_cc.nii-slice000.jpg
148,Leuven_1_0050711_abide_msp.nii-slice000.jpg,Leuven_1_0050711_abide_cc.nii-slice000.jpg
149,Leuven_2_0050722_abide_msp.nii-slice000.jpg,Leuven_2_0050722_abide_cc.nii-slice000.jpg
150,Leuven_2_0050723_abide_msp.nii-slice000.jpg,Leuven_2_0050723_abide_cc.nii-slice000.jpg
151,Leuven_2_0050724_abide_msp.nii-slice000.jpg,Leuven_2_0050724_abide_cc.nii-slice000.jpg
152,Leuven_2_0050725_abide_msp.nii-slice000.jpg,Leuven_2_0050725_abide_cc.nii-slice000.jpg
153,Leuven_2_0050726_abide_msp.nii-slice000.jpg,Leuven_2_0050726_abide_cc.nii-slice000.jpg
154,Leuven_2_0050727_abide_msp.nii-slice000.jpg,Leuven_2_0050727_abide_cc.nii-slice000.jpg
155,Leuven_2_0050728_abide_msp.nii-slice000.jpg,Leuven_2_0050728_abide_cc.nii-slice000.jpg
156,Leuven_2_0050730_abide_msp.nii-slice000.jpg,Leuven_2_0050730_abide_cc.nii-slice000.jpg
157,Leuven_2_0050731_abide_msp.nii-slice000.jpg,Leuven_2_0050731_abide_cc.nii-slice000.jpg
158,Leuven_2_0050732_abide_msp.nii-slice000.jpg,Leuven_2_0050732_abide_cc.nii-slice000.jpg
159,Leuven_2_0050733_abide_msp.nii-slice000.jpg,Leuven_2_0050733_abide_cc.nii-slice000.jpg
160,Leuven_2_0050734_abide_msp.nii-slice000.jpg,Leuven_2_0050734_abide_cc.nii-slice000.jpg
161,Leuven_2_0050735_abide_msp.nii-slice000.jpg,Leuven_2_0050735_abide_cc.nii-slice000.jpg
162,Leuven_2_0050736_abide_msp.nii-slice000.jpg,Leuven_2_0050736_abide_cc.nii-slice000.jpg
163,Leuven_2_0050737_abide_msp.nii-slice000.jpg,Leuven_2_0050737_abide_cc.nii-slice000.jpg
164,Leuven_2_0050738_abide_msp.nii-slice000.jpg,Leuven_2_0050738_abide_cc.nii-slice000.jpg
165,Leuven_2_0050739_abide_msp.nii-slice000.jpg,Leuven_2_0050739_abide_cc.nii-slice000.jpg
166,Leuven_2_0050740_abide_msp.nii-slice000.jpg,Leuven_2_0050740_abide_cc.nii-slice000.jpg
167,Leuven_2_0050741_abide_msp.nii-slice000.jpg,Leuven_2_0050741_abide_cc.nii-slice000.jpg
168,Leuven_2_0050742_abide_msp.nii-slice000.jpg,Leuven_2_0050742_abide_cc.nii-slice000.jpg
169,Leuven_2_0050743_abide_msp.nii-slice000.jpg,Leuven_2_0050743_abide_cc.nii-slice000.jpg
170,Leuven_2_0050744_abide_msp.nii-slice000.jpg,Leuven_2_0050744_abide_cc.nii-slice000.jpg
171,Leuven_2_0050745_abide_msp.nii-slice000.jpg,Leuven_2_0050745_abide_cc.nii-slice000.jpg
172,Leuven_2_0050746_abide_msp.nii-slice000.jpg,Leuven_2_0050746_abide_cc.nii-slice000.jpg
173,Leuven_2_0050747_abide_msp.nii-slice000.jpg,Leuven_2_0050747_abide_cc.nii-slice000.jpg
174,Leuven_2_0050748_abide_msp.nii-slice000.jpg,Leuven_2_0050748_abide_cc.nii-slice000.jpg
175,Leuven_2_0050749_abide_msp.nii-slice000.jpg,Leuven_2_0050749_abide_cc.nii-slice000.jpg
176,Leuven_2_0050750_abide_msp.nii-slice000.jpg,Leuven_2_0050750_abide_cc.nii-slice000.jpg
177,Leuven_2_0050751_abide_msp.nii-slice000.jpg,Leuven_2_0050751_abide_cc.nii-slice000.jpg
178,Leuven_2_0050752_abide_msp.nii-slice000.jpg,Leuven_2_0050752_abide_cc.nii-slice000.jpg
179,Leuven_2_0050753_abide_msp.nii-slice000.jpg,Leuven_2_0050753_abide_cc.nii-slice000.jpg
180,Leuven_2_0050754_abide_msp.nii-slice000.jpg,Leuven_2_0050754_abide_cc.nii-slice000.jpg
181,Leuven_2_0050755_abide_msp.nii-slice000.jpg,Leuven_2_0050755_abide_cc.nii-slice000.jpg
182,Leuven_2_0050756_abide_msp.nii-slice000.jpg,Leuven_2_0050756_abide_cc.nii-slice000.jpg
183,Leuven_2_0050757_abide_msp.nii-slice000.jpg,Leuven_2_0050757_abide_cc.nii-slice000.jpg
184,MaxMun_a_0051318_abide_msp.nii-slice000.jpg,MaxMun_a_0051318_abide_cc.nii-slice000.jpg
185,MaxMun_a_0051319_abide_msp.nii-slice000.jpg,MaxMun_a_0051319_abide_cc.nii-slice000.jpg
186,MaxMun_a_0051320_abide_msp.nii-slice000.jpg,MaxMun_a_0051320_abide_cc.nii-slice000.jpg
187,MaxMun_a_0051321_abide_msp.nii-slice000.jpg,MaxMun_a_0051321_abide_cc.nii-slice000.jpg
188,MaxMun_a_0051362_abide_msp.nii-slice000.jpg,MaxMun_a_0051362_abide_cc.nii-slice000.jpg
189,MaxMun_a_0051363_abide_msp.nii-slice000.jpg,MaxMun_a_0051363_abide_cc.nii-slice000.jpg
190,MaxMun_a_0051364_abide_msp.nii-slice000.jpg,MaxMun_a_0051364_abide_cc.nii-slice000.jpg
191,MaxMun_a_0051365_abide_msp.nii-slice000.jpg,MaxMun_a_0051365_abide_cc.nii-slice000.jpg
192,MaxMun_a_0051366_abide_msp.nii-slice000.jpg,MaxMun_a_0051366_abide_cc.nii-slice000.jpg
193,MaxMun_a_0051367_abide_msp.nii-slice000.jpg,MaxMun_a_0051367_abide_cc.nii-slice000.jpg
194,MaxMun_a_0051368_abide_msp.nii-slice000.jpg,MaxMun_a_0051368_abide_cc.nii-slice000.jpg
195,MaxMun_a_0051369_abide_msp.nii-slice000.jpg,MaxMun_a_0051369_abide_cc.nii-slice000.jpg
196,MaxMun_a_0051370_abide_msp.nii-slice000.jpg,MaxMun_a_0051370_abide_cc.nii-slice000.jpg
197,MaxMun_a_0051371_abide_msp.nii-slice000.jpg,MaxMun_a_0051371_abide_cc.nii-slice000.jpg
198,MaxMun_a_0051372_abide_msp.nii-slice000.jpg,MaxMun_a_0051372_abide_cc.nii-slice000.jpg
199,MaxMun_a_0051373_abide_msp.nii-slice000.jpg,MaxMun_a_0051373_abide_cc.nii-slice000.jpg
200,MaxMun_a_0051606_abide_msp.nii-slice000.jpg,MaxMun_a_0051606_abide_cc.nii-slice000.jpg
201,MaxMun_a_0051607_abide_msp.nii-slice000.jpg,MaxMun_a_0051607_abide_cc.nii-slice000.jpg
202,MaxMun_b_0051322_abide_msp.nii-slice000.jpg,MaxMun_b_0051322_abide_cc.nii-slice000.jpg
203,MaxMun_b_0051323_abide_msp.nii-slice000.jpg,MaxMun_b_0051323_abide_cc.nii-slice000.jpg
204,MaxMun_b_0051324_abide_msp.nii-slice000.jpg,MaxMun_b_0051324_abide_cc.nii-slice000.jpg
205,MaxMun_b_0051325_abide_msp.nii-slice000.jpg,MaxMun_b_0051325_abide_cc.nii-slice000.jpg
206,MaxMun_b_0051326_abide_msp.nii-slice000.jpg,MaxMun_b_0051326_abide_cc.nii-slice000.jpg
207,MaxMun_b_0051327_abide_msp.nii-slice000.jpg,MaxMun_b_0051327_abide_cc.nii-slice000.jpg
208,MaxMun_c_0051328_abide_msp.nii-slice000.jpg,MaxMun_c_0051328_abide_cc.nii-slice000.jpg
209,MaxMun_c_0051332_abide_msp.nii-slice000.jpg,MaxMun_c_0051332_abide_cc.nii-slice000.jpg
210,MaxMun_c_0051333_abide_msp.nii-slice000.jpg,MaxMun_c_0051333_abide_cc.nii-slice000.jpg
211,MaxMun_c_0051334_abide_msp.nii-slice000.jpg,MaxMun_c_0051334_abide_cc.nii-slice000.jpg
212,MaxMun_c_0051335_abide_msp.nii-slice000.jpg,MaxMun_c_0051335_abide_cc.nii-slice000.jpg
213,MaxMun_c_0051336_abide_msp.nii-slice000.jpg,MaxMun_c_0051336_abide_cc.nii-slice000.jpg
214,MaxMun_c_0051338_abide_msp.nii-slice000.jpg,MaxMun_c_0051338_abide_cc.nii-slice000.jpg
215,MaxMun_c_0051339_abide_msp.nii-slice000.jpg,MaxMun_c_0051339_abide_cc.nii-slice000.jpg
216,MaxMun_c_0051340_abide_msp.nii-slice000.jpg,MaxMun_c_0051340_abide_cc.nii-slice000.jpg
217,MaxMun_c_0051341_abide_msp.nii-slice000.jpg,MaxMun_c_0051341_abide_cc.nii-slice000.jpg
218,MaxMun_c_0051342_abide_msp.nii-slice000.jpg,MaxMun_c_0051342_abide_cc.nii-slice000.jpg
219,MaxMun_c_0051343_abide_msp.nii-slice000.jpg,MaxMun_c_0051343_abide_cc.nii-slice000.jpg
220,MaxMun_c_0051344_abide_msp.nii-slice000.jpg,MaxMun_c_0051344_abide_cc.nii-slice000.jpg
221,MaxMun_c_0051345_abide_msp.nii-slice000.jpg,MaxMun_c_0051345_abide_cc.nii-slice000.jpg
222,MaxMun_c_0051346_abide_msp.nii-slice000.jpg,MaxMun_c_0051346_abide_cc.nii-slice000.jpg
223,MaxMun_c_0051347_abide_msp.nii-slice000.jpg,MaxMun_c_0051347_abide_cc.nii-slice000.jpg
224,MaxMun_c_0051348_abide_msp.nii-slice000.jpg,MaxMun_c_0051348_abide_cc.nii-slice000.jpg
225,MaxMun_d_0051329_abide_msp.nii-slice000.jpg,MaxMun_d_0051329_abide_cc.nii-slice000.jpg
226,MaxMun_d_0051330_abide_msp.nii-slice000.jpg,MaxMun_d_0051330_abide_cc.nii-slice000.jpg
227,MaxMun_d_0051331_abide_msp.nii-slice000.jpg,MaxMun_d_0051331_abide_cc.nii-slice000.jpg
228,MaxMun_d_0051349_abide_msp.nii-slice000.jpg,MaxMun_d_0051349_abide_cc.nii-slice000.jpg
229,MaxMun_d_0051350_abide_msp.nii-slice000.jpg,MaxMun_d_0051350_abide_cc.nii-slice000.jpg
230,MaxMun_d_0051351_abide_msp.nii-slice000.jpg,MaxMun_d_0051351_abide_cc.nii-slice000.jpg
231,MaxMun_d_0051352_abide_msp.nii-slice000.jpg,MaxMun_d_0051352_abide_cc.nii-slice000.jpg
232,MaxMun_d_0051353_abide_msp.nii-slice000.jpg,MaxMun_d_0051353_abide_cc.nii-slice000.jpg
233,MaxMun_d_0051354_abide_msp.nii-slice000.jpg,MaxMun_d_0051354_abide_cc.nii-slice000.jpg
234,MaxMun_d_0051355_abide_msp.nii-slice000.jpg,MaxMun_d_0051355_abide_cc.nii-slice000.jpg
235,MaxMun_d_0051356_abide_msp.nii-slice000.jpg,MaxMun_d_0051356_abide_cc.nii-slice000.jpg
236,MaxMun_d_0051357_abide_msp.nii-slice000.jpg,MaxMun_d_0051357_abide_cc.nii-slice000.jpg
237,MaxMun_d_0051358_abide_msp.nii-slice000.jpg,MaxMun_d_0051358_abide_cc.nii-slice000.jpg
238,MaxMun_d_0051359_abide_msp.nii-slice000.jpg,MaxMun_d_0051359_abide_cc.nii-slice000.jpg
239,MaxMun_d_0051360_abide_msp.nii-slice000.jpg,MaxMun_d_0051360_abide_cc.nii-slice000.jpg
240,MaxMun_d_0051361_abide_msp.nii-slice000.jpg,MaxMun_d_0051361_abide_cc.nii-slice000.jpg
241,NYU_0050952_abide_msp.nii-slice000.jpg,NYU_0050952_abide_cc.nii-slice000.jpg
242,NYU_0050953_abide_msp.nii-slice000.jpg,NYU_0050953_abide_cc.nii-slice000.jpg
243,NYU_0050954_abide_msp.nii-slice000.jpg,NYU_0050954_abide_cc.nii-slice000.jpg
244,NYU_0050955_abide_msp.nii-slice000.jpg,NYU_0050955_abide_cc.nii-slice000.jpg
245,NYU_0050956_abide_msp.nii-slice000.jpg,NYU_0050956_abide_cc.nii-slice000.jpg
246,NYU_0050957_abide_msp.nii-slice000.jpg,NYU_0050957_abide_cc.nii-slice000.jpg
247,NYU_0050958_abide_msp.nii-slice000.jpg,NYU_0050958_abide_cc.nii-slice000.jpg
248,NYU_0050959_abide_msp.nii-slice000.jpg,NYU_0050959_abide_cc.nii-slice000.jpg
249,NYU_0050960_abide_msp.nii-slice000.jpg,NYU_0050960_abide_cc.nii-slice000.jpg
250,NYU_0050961_abide_msp.nii-slice000.jpg,NYU_0050961_abide_cc.nii-slice000.jpg
251,NYU_0050962_abide_msp.nii-slice000.jpg,NYU_0050962_abide_cc.nii-slice000.jpg
252,NYU_0050964_abide_msp.nii-slice000.jpg,NYU_0050964_abide_cc.nii-slice000.jpg
253,NYU_0050965_abide_msp.nii-slice000.jpg,NYU_0050965_abide_cc.nii-slice000.jpg
254,NYU_0050966_abide_msp.nii-slice000.jpg,NYU_0050966_abide_cc.nii-slice000.jpg
255,NYU_0050967_abide_msp.nii-slice000.jpg,NYU_0050967_abide_cc.nii-slice000.jpg
256,NYU_0050968_abide_msp.nii-slice000.jpg,NYU_0050968_abide_cc.nii-slice000.jpg
257,NYU_0050969_abide_msp.nii-slice000.jpg,NYU_0050969_abide_cc.nii-slice000.jpg
258,NYU_0050970_abide_msp.nii-slice000.jpg,NYU_0050970_abide_cc.nii-slice000.jpg
259,NYU_0050971_abide_msp.nii-slice000.jpg,NYU_0050971_abide_cc.nii-slice000.jpg
260,NYU_0050972_abide_msp.nii-slice000.jpg,NYU_0050972_abide_cc.nii-slice000.jpg
261,NYU_0050973_abide_msp.nii-slice000.jpg,NYU_0050973_abide_cc.nii-slice000.jpg
262,NYU_0050974_abide_msp.nii-slice000.jpg,NYU_0050974_abide_cc.nii-slice000.jpg
263,NYU_0050975_abide_msp.nii-slice000.jpg,NYU_0050975_abide_cc.nii-slice000.jpg
264,NYU_0050976_abide_msp.nii-slice000.jpg,NYU_0050976_abide_cc.nii-slice000.jpg
265,NYU_0050977_abide_msp.nii-slice000.jpg,NYU_0050977_abide_cc.nii-slice000.jpg
266,NYU_0050978_abide_msp.nii-slice000.jpg,NYU_0050978_abide_cc.nii-slice000.jpg
267,NYU_0050979_abide_msp.nii-slice000.jpg,NYU_0050979_abide_cc.nii-slice000.jpg
268,NYU_0050980_abide_msp.nii-slice000.jpg,NYU_0050980_abide_cc.nii-slice000.jpg
269,NYU_0050981_abide_msp.nii-slice000.jpg,NYU_0050981_abide_cc.nii-slice000.jpg
270,NYU_0050982_abide_msp.nii-slice000.jpg,NYU_0050982_abide_cc.nii-slice000.jpg
271,NYU_0050983_abide_msp.nii-slice000.jpg,NYU_0050983_abide_cc.nii-slice000.jpg
272,NYU_0050984_abide_msp.nii-slice000.jpg,NYU_0050984_abide_cc.nii-slice000.jpg
273,NYU_0050985_abide_msp.nii-slice000.jpg,NYU_0050985_abide_cc.nii-slice000.jpg
274,NYU_0050986_abide_msp.nii-slice000.jpg,NYU_0050986_abide_cc.nii-slice000.jpg
275,NYU_0050987_abide_msp.nii-slice000.jpg,NYU_0050987_abide_cc.nii-slice000.jpg
276,NYU_0050988_abide_msp.nii-slice000.jpg,NYU_0050988_abide_cc.nii-slice000.jpg
277,NYU_0050989_abide_msp.nii-slice000.jpg,NYU_0050989_abide_cc.nii-slice000.jpg
278,NYU_0050990_abide_msp.nii-slice000.jpg,NYU_0050990_abide_cc.nii-slice000.jpg
279,NYU_0050991_abide_msp.nii-slice000.jpg,NYU_0050991_abide_cc.nii-slice000.jpg
280,NYU_0050992_abide_msp.nii-slice000.jpg,NYU_0050992_abide_cc.nii-slice000.jpg
281,NYU_0050993_abide_msp.nii-slice000.jpg,NYU_0050993_abide_cc.nii-slice000.jpg
282,NYU_0050994_abide_msp.nii-slice000.jpg,NYU_0050994_abide_cc.nii-slice000.jpg
283,NYU_0050995_abide_msp.nii-slice000.jpg,NYU_0050995_abide_cc.nii-slice000.jpg
284,NYU_0050996_abide_msp.nii-slice000.jpg,NYU_0050996_abide_cc.nii-slice000.jpg
285,NYU_0050997_abide_msp.nii-slice000.jpg,NYU_0050997_abide_cc.nii-slice000.jpg
286,NYU_0050998_abide_msp.nii-slice000.jpg,NYU_0050998_abide_cc.nii-slice000.jpg
287,NYU_0050999_abide_msp.nii-slice000.jpg,NYU_0050999_abide_cc.nii-slice000.jpg
288,NYU_0051000_abide_msp.nii-slice000.jpg,NYU_0051000_abide_cc.nii-slice000.jpg
289,NYU_0051001_abide_msp.nii-slice000.jpg,NYU_0051001_abide_cc.nii-slice000.jpg
290,NYU_0051002_abide_msp.nii-slice000.jpg,NYU_0051002_abide_cc.nii-slice000.jpg
291,NYU_0051003_abide_msp.nii-slice000.jpg,NYU_0051003_abide_cc.nii-slice000.jpg
292,NYU_0051006_abide_msp.nii-slice000.jpg,NYU_0051006_abide_cc.nii-slice000.jpg
293,NYU_0051007_abide_msp.nii-slice000.jpg,NYU_0051007_abide_cc.nii-slice000.jpg
294,NYU_0051008_abide_msp.nii-slice000.jpg,NYU_0051008_abide_cc.nii-slice000.jpg
295,NYU_0051009_abide_msp.nii-slice000.jpg,NYU_0051009_abide_cc.nii-slice000.jpg
296,NYU_0051010_abide_msp.nii-slice000.jpg,NYU_0051010_abide_cc.nii-slice000.jpg
297,NYU_0051011_abide_msp.nii-slice000.jpg,NYU_0051011_abide_cc.nii-slice000.jpg
298,NYU_0051012_abide_msp.nii-slice000.jpg,NYU_0051012_abide_cc.nii-slice000.jpg
299,NYU_0051013_abide_msp.nii-slice000.jpg,NYU_0051013_abide_cc.nii-slice000.jpg
300,NYU_0051014_abide_msp.nii-slice000.jpg,NYU_0051014_abide_cc.nii-slice000.jpg
301,NYU_0051015_abide_msp.nii-slice000.jpg,NYU_0051015_abide_cc.nii-slice000.jpg
302,NYU_0051016_abide_msp.nii-slice000.jpg,NYU_0051016_abide_cc.nii-slice000.jpg
303,NYU_0051017_abide_msp.nii-slice000.jpg,NYU_0051017_abide_cc.nii-slice000.jpg
304,NYU_0051018_abide_msp.nii-slice000.jpg,NYU_0051018_abide_cc.nii-slice000.jpg
305,NYU_0051019_abide_msp.nii-slice000.jpg,NYU_0051019_abide_cc.nii-slice000.jpg
306,NYU_0051020_abide_msp.nii-slice000.jpg,NYU_0051020_abide_cc.nii-slice000.jpg
307,NYU_0051021_abide_msp.nii-slice000.jpg,NYU_0051021_abide_cc.nii-slice000.jpg
308,NYU_0051023_abide_msp.nii-slice000.jpg,NYU_0051023_abide_cc.nii-slice000.jpg
309,NYU_0051024_abide_msp.nii-slice000.jpg,NYU_0051024_abide_cc.nii-slice000.jpg
310,NYU_0051025_abide_msp.nii-slice000.jpg,NYU_0051025_abide_cc.nii-slice000.jpg
311,NYU_0051026_abide_msp.nii-slice000.jpg,NYU_0051026_abide_cc.nii-slice000.jpg
312,NYU_0051027_abide_msp.nii-slice000.jpg,NYU_0051027_abide_cc.nii-slice000.jpg
313,NYU_0051028_abide_msp.nii-slice000.jpg,NYU_0051028_abide_cc.nii-slice000.jpg
314,NYU_0051029_abide_msp.nii-slice000.jpg,NYU_0051029_abide_cc.nii-slice000.jpg
315,NYU_0051030_abide_msp.nii-slice000.jpg,NYU_0051030_abide_cc.nii-slice000.jpg
316,NYU_0051032_abide_msp.nii-slice000.jpg,NYU_0051032_abide_cc.nii-slice000.jpg
317,NYU_0051033_abide_msp.nii-slice000.jpg,NYU_0051033_abide_cc.nii-slice000.jpg
318,NYU_0051034_abide_msp.nii-slice000.jpg,NYU_0051034_abide_cc.nii-slice000.jpg
319,NYU_0051035_abide_msp.nii-slice000.jpg,NYU_0051035_abide_cc.nii-slice000.jpg
320,NYU_0051036_abide_msp.nii-slice000.jpg,NYU_0051036_abide_cc.nii-slice000.jpg
321,NYU_0051038_abide_msp.nii-slice000.jpg,NYU_0051038_abide_cc.nii-slice000.jpg
322,NYU_0051039_abide_msp.nii-slice000.jpg,NYU_0051039_abide_cc.nii-slice000.jpg
323,NYU_0051040_abide_msp.nii-slice000.jpg,NYU_0051040_abide_cc.nii-slice000.jpg
324,NYU_0051041_abide_msp.nii-slice000.jpg,NYU_0051041_abide_cc.nii-slice000.jpg
325,NYU_0051042_abide_msp.nii-slice000.jpg,NYU_0051042_abide_cc.nii-slice000.jpg
326,NYU_0051044_abide_msp.nii-slice000.jpg,NYU_0051044_abide_cc.nii-slice000.jpg
327,NYU_0051045_abide_msp.nii-slice000.jpg,NYU_0051045_abide_cc.nii-slice000.jpg
328,NYU_0051046_abide_msp.nii-slice000.jpg,NYU_0051046_abide_cc.nii-slice000.jpg
329,NYU_0051047_abide_msp.nii-slice000.jpg,NYU_0051047_abide_cc.nii-slice000.jpg
330,NYU_0051048_abide_msp.nii-slice000.jpg,NYU_0051048_abide_cc.nii-slice000.jpg
331,NYU_0051049_abide_msp.nii-slice000.jpg,NYU_0051049_abide_cc.nii-slice000.jpg
332,NYU_0051050_abide_msp.nii-slice000.jpg,NYU_0051050_abide_cc.nii-slice000.jpg
333,NYU_0051051_abide_msp.nii-slice000.jpg,NYU_0051051_abide_cc.nii-slice000.jpg
334,NYU_0051052_abide_msp.nii-slice000.jpg,NYU_0051052_abide_cc.nii-slice000.jpg
335,NYU_0051053_abide_msp.nii-slice000.jpg,NYU_0051053_abide_cc.nii-slice000.jpg
336,NYU_0051054_abide_msp.nii-slice000.jpg,NYU_0051054_abide_cc.nii-slice000.jpg
337,NYU_0051055_abide_msp.nii-slice000.jpg,NYU_0051055_abide_cc.nii-slice000.jpg
338,NYU_0051056_abide_msp.nii-slice000.jpg,NYU_0051056_abide_cc.nii-slice000.jpg
339,NYU_0051057_abide_msp.nii-slice000.jpg,NYU_0051057_abide_cc.nii-slice000.jpg
340,NYU_0051058_abide_msp.nii-slice000.jpg,NYU_0051058_abide_cc.nii-slice000.jpg
341,NYU_0051059_abide_msp.nii-slice000.jpg,NYU_0051059_abide_cc.nii-slice000.jpg
342,NYU_0051060_abide_msp.nii-slice000.jpg,NYU_0051060_abide_cc.nii-slice000.jpg
343,NYU_0051061_abide_msp.nii-slice000.jpg,NYU_0051061_abide_cc.nii-slice000.jpg
344,NYU_0051062_abide_msp.nii-slice000.jpg,NYU_0051062_abide_cc.nii-slice000.jpg
345,NYU_0051063_abide_msp.nii-slice000.jpg,NYU_0051063_abide_cc.nii-slice000.jpg
346,NYU_0051064_abide_msp.nii-slice000.jpg,NYU_0051064_abide_cc.nii-slice000.jpg
347,NYU_0051065_abide_msp.nii-slice000.jpg,NYU_0051065_abide_cc.nii-slice000.jpg
348,NYU_0051066_abide_msp.nii-slice000.jpg,NYU_0051066_abide_cc.nii-slice000.jpg
349,NYU_0051067_abide_msp.nii-slice000.jpg,NYU_0051067_abide_cc.nii-slice000.jpg
350,NYU_0051068_abide_msp.nii-slice000.jpg,NYU_0051068_abide_cc.nii-slice000.jpg
351,NYU_0051069_abide_msp.nii-slice000.jpg,NYU_0051069_abide_cc.nii-slice000.jpg
352,NYU_0051070_abide_msp.nii-slice000.jpg,NYU_0051070_abide_cc.nii-slice000.jpg
353,NYU_0051071_abide_msp.nii-slice000.jpg,NYU_0051071_abide_cc.nii-slice000.jpg
354,NYU_0051072_abide_msp.nii-slice000.jpg,NYU_0051072_abide_cc.nii-slice000.jpg
355,NYU_0051073_abide_msp.nii-slice000.jpg,NYU_0051073_abide_cc.nii-slice000.jpg
356,NYU_0051074_abide_msp.nii-slice000.jpg,NYU_0051074_abide_cc.nii-slice000.jpg
357,NYU_0051075_abide_msp.nii-slice000.jpg,NYU_0051075_abide_cc.nii-slice000.jpg
358,NYU_0051076_abide_msp.nii-slice000.jpg,NYU_0051076_abide_cc.nii-slice000.jpg
359,NYU_0051077_abide_msp.nii-slice000.jpg,NYU_0051077_abide_cc.nii-slice000.jpg
360,NYU_0051078_abide_msp.nii-slice000.jpg,NYU_0051078_abide_cc.nii-slice000.jpg
361,NYU_0051079_abide_msp.nii-slice000.jpg,NYU_0051079_abide_cc.nii-slice000.jpg
362,NYU_0051080_abide_msp.nii-slice000.jpg,NYU_0051080_abide_cc.nii-slice000.jpg
363,NYU_0051081_abide_msp.nii-slice000.jpg,NYU_0051081_abide_cc.nii-slice000.jpg
364,NYU_0051082_abide_msp.nii-slice000.jpg,NYU_0051082_abide_cc.nii-slice000.jpg
365,NYU_0051083_abide_msp.nii-slice000.jpg,NYU_0051083_abide_cc.nii-slice000.jpg
366,NYU_0051084_abide_msp.nii-slice000.jpg,NYU_0051084_abide_cc.nii-slice000.jpg
367,NYU_0051085_abide_msp.nii-slice000.jpg,NYU_0051085_abide_cc.nii-slice000.jpg
368,NYU_0051086_abide_msp.nii-slice000.jpg,NYU_0051086_abide_cc.nii-slice000.jpg
369,NYU_0051087_abide_msp.nii-slice000.jpg,NYU_0051087_abide_cc.nii-slice000.jpg
370,NYU_0051088_abide_msp.nii-slice000.jpg,NYU_0051088_abide_cc.nii-slice000.jpg
371,NYU_0051089_abide_msp.nii-slice000.jpg,NYU_0051089_abide_cc.nii-slice000.jpg
372,NYU_0051090_abide_msp.nii-slice000.jpg,NYU_0051090_abide_cc.nii-slice000.jpg
373,NYU_0051091_abide_msp.nii-slice000.jpg,NYU_0051091_abide_cc.nii-slice000.jpg
374,NYU_0051093_abide_msp.nii-slice000.jpg,NYU_0051093_abide_cc.nii-slice000.jpg
375,NYU_0051094_abide_msp.nii-slice000.jpg,NYU_0051094_abide_cc.nii-slice000.jpg
376,NYU_0051095_abide_msp.nii-slice000.jpg,NYU_0051095_abide_cc.nii-slice000.jpg
377,NYU_0051096_abide_msp.nii-slice000.jpg,NYU_0051096_abide_cc.nii-slice000.jpg
378,NYU_0051097_abide_msp.nii-slice000.jpg,NYU_0051097_abide_cc.nii-slice000.jpg
379,NYU_0051098_abide_msp.nii-slice000.jpg,NYU_0051098_abide_cc.nii-slice000.jpg
380,NYU_0051099_abide_msp.nii-slice000.jpg,NYU_0051099_abide_cc.nii-slice000.jpg
381,NYU_0051100_abide_msp.nii-slice000.jpg,NYU_0051100_abide_cc.nii-slice000.jpg
382,NYU_0051101_abide_msp.nii-slice000.jpg,NYU_0051101_abide_cc.nii-slice000.jpg
383,NYU_0051102_abide_msp.nii-slice000.jpg,NYU_0051102_abide_cc.nii-slice000.jpg
384,NYU_0051103_abide_msp.nii-slice000.jpg,NYU_0051103_abide_cc.nii-slice000.jpg
385,NYU_0051104_abide_msp.nii-slice000.jpg,NYU_0051104_abide_cc.nii-slice000.jpg
386,NYU_0051105_abide_msp.nii-slice000.jpg,NYU_0051105_abide_cc.nii-slice000.jpg
387,NYU_0051106_abide_msp.nii-slice000.jpg,NYU_0051106_abide_cc.nii-slice000.jpg
388,NYU_0051107_abide_msp.nii-slice000.jpg,NYU_0051107_abide_cc.nii-slice000.jpg
389,NYU_0051108_abide_msp.nii-slice000.jpg,NYU_0051108_abide_cc.nii-slice000.jpg
390,NYU_0051109_abide_msp.nii-slice000.jpg,NYU_0051109_abide_cc.nii-slice000.jpg
391,NYU_0051110_abide_msp.nii-slice000.jpg,NYU_0051110_abide_cc.nii-slice000.jpg
392,NYU_0051111_abide_msp.nii-slice000.jpg,NYU_0051111_abide_cc.nii-slice000.jpg
393,NYU_0051112_abide_msp.nii-slice000.jpg,NYU_0051112_abide_cc.nii-slice000.jpg
394,NYU_0051113_abide_msp.nii-slice000.jpg,NYU_0051113_abide_cc.nii-slice000.jpg
395,NYU_0051114_abide_msp.nii-slice000.jpg,NYU_0051114_abide_cc.nii-slice000.jpg
396,NYU_0051115_abide_msp.nii-slice000.jpg,NYU_0051115_abide_cc.nii-slice000.jpg
397,NYU_0051116_abide_msp.nii-slice000.jpg,NYU_0051116_abide_cc.nii-slice000.jpg
398,NYU_0051117_abide_msp.nii-slice000.jpg,NYU_0051117_abide_cc.nii-slice000.jpg
399,NYU_0051118_abide_msp.nii-slice000.jpg,NYU_0051118_abide_cc.nii-slice000.jpg
400,NYU_0051119_abide_msp.nii-slice000.jpg,NYU_0051119_abide_cc.nii-slice000.jpg
401,NYU_0051120_abide_msp.nii-slice000.jpg,NYU_0051120_abide_cc.nii-slice000.jpg
402,NYU_0051121_abide_msp.nii-slice000.jpg,NYU_0051121_abide_cc.nii-slice000.jpg
403,NYU_0051122_abide_msp.nii-slice000.jpg,NYU_0051122_abide_cc.nii-slice000.jpg
404,NYU_0051123_abide_msp.nii-slice000.jpg,NYU_0051123_abide_cc.nii-slice000.jpg
405,NYU_0051124_abide_msp.nii-slice000.jpg,NYU_0051124_abide_cc.nii-slice000.jpg
406,NYU_0051125_abide_msp.nii-slice000.jpg,NYU_0051125_abide_cc.nii-slice000.jpg
407,NYU_0051126_abide_msp.nii-slice000.jpg,NYU_0051126_abide_cc.nii-slice000.jpg
408,NYU_0051127_abide_msp.nii-slice000.jpg,NYU_0051127_abide_cc.nii-slice000.jpg
409,NYU_0051128_abide_msp.nii-slice000.jpg,NYU_0051128_abide_cc.nii-slice000.jpg
410,NYU_0051129_abide_msp.nii-slice000.jpg,NYU_0051129_abide_cc.nii-slice000.jpg
411,NYU_0051130_abide_msp.nii-slice000.jpg,NYU_0051130_abide_cc.nii-slice000.jpg
412,NYU_0051131_abide_msp.nii-slice000.jpg,NYU_0051131_abide_cc.nii-slice000.jpg
413,NYU_0051146_abide_msp.nii-slice000.jpg,NYU_0051146_abide_cc.nii-slice000.jpg
414,NYU_0051147_abide_msp.nii-slice000.jpg,NYU_0051147_abide_cc.nii-slice000.jpg
415,NYU_0051148_abide_msp.nii-slice000.jpg,NYU_0051148_abide_cc.nii-slice000.jpg
416,NYU_0051149_abide_msp.nii-slice000.jpg,NYU_0051149_abide_cc.nii-slice000.jpg
417,NYU_0051150_abide_msp.nii-slice000.jpg,NYU_0051150_abide_cc.nii-slice000.jpg
418,NYU_0051151_abide_msp.nii-slice000.jpg,NYU_0051151_abide_cc.nii-slice000.jpg
419,NYU_0051152_abide_msp.nii-slice000.jpg,NYU_0051152_abide_cc.nii-slice000.jpg
420,NYU_0051153_abide_msp.nii-slice000.jpg,NYU_0051153_abide_cc.nii-slice000.jpg
421,NYU_0051154_abide_msp.nii-slice000.jpg,NYU_0051154_abide_cc.nii-slice000.jpg
422,NYU_0051155_abide_msp.nii-slice000.jpg,NYU_0051155_abide_cc.nii-slice000.jpg
423,NYU_0051156_abide_msp.nii-slice000.jpg,NYU_0051156_abide_cc.nii-slice000.jpg
424,NYU_0051159_abide_msp.nii-slice000.jpg,NYU_0051159_abide_cc.nii-slice000.jpg
425,OHSU_0050142_abide_msp.nii-slice000.jpg,OHSU_0050142_abide_cc.nii-slice000.jpg
426,OHSU_0050143_abide_msp.nii-slice000.jpg,OHSU_0050143_abide_cc.nii-slice000.jpg
427,OHSU_0050144_abide_msp.nii-slice000.jpg,OHSU_0050144_abide_cc.nii-slice000.jpg
428,OHSU_0050145_abide_msp.nii-slice000.jpg,OHSU_0050145_abide_cc.nii-slice000.jpg
429,OHSU_0050146_abide_msp.nii-slice000.jpg,OHSU_0050146_abide_cc.nii-slice000.jpg
430,OHSU_0050147_abide_msp.nii-slice000.jpg,OHSU_0050147_abide_cc.nii-slice000.jpg
431,OHSU_0050148_abide_msp.nii-slice000.jpg,OHSU_0050148_abide_cc.nii-slice000.jpg
432,OHSU_0050149_abide_msp.nii-slice000.jpg,OHSU_0050149_abide_cc.nii-slice000.jpg
433,OHSU_0050150_abide_msp.nii-slice000.jpg,OHSU_0050150_abide_cc.nii-slice000.jpg
434,OHSU_0050152_abide_msp.nii-slice000.jpg,OHSU_0050152_abide_cc.nii-slice000.jpg
435,OHSU_0050153_abide_msp.nii-slice000.jpg,OHSU_0050153_abide_cc.nii-slice000.jpg
436,OHSU_0050155_abide_msp.nii-slice000.jpg,OHSU_0050155_abide_cc.nii-slice000.jpg
437,OHSU_0050156_abide_msp.nii-slice000.jpg,OHSU_0050156_abide_cc.nii-slice000.jpg
438,OHSU_0050157_abide_msp.nii-slice000.jpg,OHSU_0050157_abide_cc.nii-slice000.jpg
439,OHSU_0050158_abide_msp.nii-slice000.jpg,OHSU_0050158_abide_cc.nii-slice000.jpg
440,OHSU_0050159_abide_msp.nii-slice000.jpg,OHSU_0050159_abide_cc.nii-slice000.jpg
441,OHSU_0050160_abide_msp.nii-slice000.jpg,OHSU_0050160_abide_cc.nii-slice000.jpg
442,OHSU_0050161_abide_msp.nii-slice000.jpg,OHSU_0050161_abide_cc.nii-slice000.jpg
443,OHSU_0050162_abide_msp.nii-slice000.jpg,OHSU_0050162_abide_cc.nii-slice000.jpg
444,OHSU_0050163_abide_msp.nii-slice000.jpg,OHSU_0050163_abide_cc.nii-slice000.jpg
445,OHSU_0050164_abide_msp.nii-slice000.jpg,OHSU_0050164_abide_cc.nii-slice000.jpg
446,OHSU_0050165_abide_msp.nii-slice000.jpg,OHSU_0050165_abide_cc.nii-slice000.jpg
447,OHSU_0050166_abide_msp.nii-slice000.jpg,OHSU_0050166_abide_cc.nii-slice000.jpg
448,OHSU_0050167_abide_msp.nii-slice000.jpg,OHSU_0050167_abide_cc.nii-slice000.jpg
449,OHSU_0050168_abide_msp.nii-slice000.jpg,OHSU_0050168_abide_cc.nii-slice000.jpg
450,OHSU_0050169_abide_msp.nii-slice000.jpg,OHSU_0050169_abide_cc.nii-slice000.jpg
451,OHSU_0050170_abide_msp.nii-slice000.jpg,OHSU_0050170_abide_cc.nii-slice000.jpg
452,OHSU_0050171_abide_msp.nii-slice000.jpg,OHSU_0050171_abide_cc.nii-slice000.jpg
453,Olin_0050102_abide_msp.nii-slice000.jpg,Olin_0050102_abide_cc.nii-slice000.jpg
454,Olin_0050103_abide_msp.nii-slice000.jpg,Olin_0050103_abide_cc.nii-slice000.jpg
455,Olin_0050104_abide_msp.nii-slice000.jpg,Olin_0050104_abide_cc.nii-slice000.jpg
456,Olin_0050105_abide_msp.nii-slice000.jpg,Olin_0050105_abide_cc.nii-slice000.jpg
457,Olin_0050106_abide_msp.nii-slice000.jpg,Olin_0050106_abide_cc.nii-slice000.jpg
458,Olin_0050107_abide_msp.nii-slice000.jpg,Olin_0050107_abide_cc.nii-slice000.jpg
459,Olin_0050108_abide_msp.nii-slice000.jpg,Olin_0050108_abide_cc.nii-slice000.jpg
460,Olin_0050109_abide_msp.nii-slice000.jpg,Olin_0050109_abide_cc.nii-slice000.jpg
461,Olin_0050110_abide_msp.nii-slice000.jpg,Olin_0050110_abide_cc.nii-slice000.jpg
462,Olin_0050111_abide_msp.nii-slice000.jpg,Olin_0050111_abide_cc.nii-slice000.jpg
463,Olin_0050112_abide_msp.nii-slice000.jpg,Olin_0050112_abide_cc.nii-slice000.jpg
464,Olin_0050113_abide_msp.nii-slice000.jpg,Olin_0050113_abide_cc.nii-slice000.jpg
465,Olin_0050114_abide_msp.nii-slice000.jpg,Olin_0050114_abide_cc.nii-slice000.jpg
466,Olin_0050115_abide_msp.nii-slice000.jpg,Olin_0050115_abide_cc.nii-slice000.jpg
467,Olin_0050116_abide_msp.nii-slice000.jpg,Olin_0050116_abide_cc.nii-slice000.jpg
468,Olin_0050117_abide_msp.nii-slice000.jpg,Olin_0050117_abide_cc.nii-slice000.jpg
469,Olin_0050119_abide_msp.nii-slice000.jpg,Olin_0050119_abide_cc.nii-slice000.jpg
470,Olin_0050120_abide_msp.nii-slice000.jpg,Olin_0050120_abide_cc.nii-slice000.jpg
471,Olin_0050121_abide_msp.nii-slice000.jpg,Olin_0050121_abide_cc.nii-slice000.jpg
472,Olin_0050122_abide_msp.nii-slice000.jpg,Olin_0050122_abide_cc.nii-slice000.jpg
473,Olin_0050123_abide_msp.nii-slice000.jpg,Olin_0050123_abide_cc.nii-slice000.jpg
474,Olin_0050124_abide_msp.nii-slice000.jpg,Olin_0050124_abide_cc.nii-slice000.jpg
475,Olin_0050125_abide_msp.nii-slice000.jpg,Olin_0050125_abide_cc.nii-slice000.jpg
476,Olin_0050126_abide_msp.nii-slice000.jpg,Olin_0050126_abide_cc.nii-slice000.jpg
477,Olin_0050127_abide_msp.nii-slice000.jpg,Olin_0050127_abide_cc.nii-slice000.jpg
478,Olin_0050128_abide_msp.nii-slice000.jpg,Olin_0050128_abide_cc.nii-slice000.jpg
479,Olin_0050129_abide_msp.nii-slice000.jpg,Olin_0050129_abide_cc.nii-slice000.jpg
480,Olin_0050130_abide_msp.nii-slice000.jpg,Olin_0050130_abide_cc.nii-slice000.jpg
481,Olin_0050131_abide_msp.nii-slice000.jpg,Olin_0050131_abide_cc.nii-slice000.jpg
482,Olin_0050132_abide_msp.nii-slice000.jpg,Olin_0050132_abide_cc.nii-slice000.jpg
483,Olin_0050133_abide_msp.nii-slice000.jpg,Olin_0050133_abide_cc.nii-slice000.jpg
484,Olin_0050134_abide_msp.nii-slice000.jpg,Olin_0050134_abide_cc.nii-slice000.jpg
485,Olin_0050135_abide_msp.nii-slice000.jpg,Olin_0050135_abide_cc.nii-slice000.jpg
486,Olin_0050136_abide_msp.nii-slice000.jpg,Olin_0050136_abide_cc.nii-slice000.jpg
487,Olin_0050137_abide_msp.nii-slice000.jpg,Olin_0050137_abide_cc.nii-slice000.jpg
488,Pitt_0050002_abide_msp.nii-slice000.jpg,Pitt_0050002_abide_cc.nii-slice000.jpg
489,Pitt_0050003_abide_msp.nii-slice000.jpg,Pitt_0050003_abide_cc.nii-slice000.jpg
490,Pitt_0050004_abide_msp.nii-slice000.jpg,Pitt_0050004_abide_cc.nii-slice000.jpg
491,Pitt_0050005_abide_msp.nii-slice000.jpg,Pitt_0050005_abide_cc.nii-slice000.jpg
492,Pitt_0050006_abide_msp.nii-slice000.jpg,Pitt_0050006_abide_cc.nii-slice000.jpg
493,Pitt_0050007_abide_msp.nii-slice000.jpg,Pitt_0050007_abide_cc.nii-slice000.jpg
494,Pitt_0050008_abide_msp.nii-slice000.jpg,Pitt_0050008_abide_cc.nii-slice000.jpg
495,Pitt_0050009_abide_msp.nii-slice000.jpg,Pitt_0050009_abide_cc.nii-slice000.jpg
496,Pitt_0050010_abide_msp.nii-slice000.jpg,Pitt_0050010_abide_cc.nii-slice000.jpg
497,Pitt_0050011_abide_msp.nii-slice000.jpg,Pitt_0050011_abide_cc.nii-slice000.jpg
498,Pitt_0050012_abide_msp.nii-slice000.jpg,Pitt_0050012_abide_cc.nii-slice000.jpg
499,Pitt_0050013_abide_msp.nii-slice000.jpg,Pitt_0050013_abide_cc.nii-slice000.jpg
500,Pitt_0050014_abide_msp.nii-slice000.jpg,Pitt_0050014_abide_cc.nii-slice000.jpg
501,Pitt_0050015_abide_msp.nii-slice000.jpg,Pitt_0050015_abide_cc.nii-slice000.jpg
502,Pitt_0050016_abide_msp.nii-slice000.jpg,Pitt_0050016_abide_cc.nii-slice000.jpg
503,Pitt_0050017_abide_msp.nii-slice000.jpg,Pitt_0050017_abide_cc.nii-slice000.jpg
504,Pitt_0050019_abide_msp.nii-slice000.jpg,Pitt_0050019_abide_cc.nii-slice000.jpg
505,Pitt_0050020_abide_msp.nii-slice000.jpg,Pitt_0050020_abide_cc.nii-slice000.jpg
506,Pitt_0050022_abide_msp.nii-slice000.jpg,Pitt_0050022_abide_cc.nii-slice000.jpg
507,Pitt_0050023_abide_msp.nii-slice000.jpg,Pitt_0050023_abide_cc.nii-slice000.jpg
508,Pitt_0050024_abide_msp.nii-slice000.jpg,Pitt_0050024_abide_cc.nii-slice000.jpg
509,Pitt_0050025_abide_msp.nii-slice000.jpg,Pitt_0050025_abide_cc.nii-slice000.jpg
510,Pitt_0050026_abide_msp.nii-slice000.jpg,Pitt_0050026_abide_cc.nii-slice000.jpg
511,Pitt_0050027_abide_msp.nii-slice000.jpg,Pitt_0050027_abide_cc.nii-slice000.jpg
512,Pitt_0050028_abide_msp.nii-slice000.jpg,Pitt_0050028_abide_cc.nii-slice000.jpg
513,Pitt_0050029_abide_msp.nii-slice000.jpg,Pitt_0050029_abide_cc.nii-slice000.jpg
514,Pitt_0050030_abide_msp.nii-slice000.jpg,Pitt_0050030_abide_cc.nii-slice000.jpg
515,Pitt_0050031_abide_msp.nii-slice000.jpg,Pitt_0050031_abide_cc.nii-slice000.jpg
516,Pitt_0050032_abide_msp.nii-slice000.jpg,Pitt_0050032_abide_cc.nii-slice000.jpg
517,Pitt_0050033_abide_msp.nii-slice000.jpg,Pitt_0050033_abide_cc.nii-slice000.jpg
518,Pitt_0050034_abide_msp.nii-slice000.jpg,Pitt_0050034_abide_cc.nii-slice000.jpg
519,Pitt_0050035_abide_msp.nii-slice000.jpg,Pitt_0050035_abide_cc.nii-slice000.jpg
520,Pitt_0050036_abide_msp.nii-slice000.jpg,Pitt_0050036_abide_cc.nii-slice000.jpg
521,Pitt_0050037_abide_msp.nii-slice000.jpg,Pitt_0050037_abide_cc.nii-slice000.jpg
522,Pitt_0050038_abide_msp.nii-slice000.jpg,Pitt_0050038_abide_cc.nii-slice000.jpg
523,Pitt_0050039_abide_msp.nii-slice000.jpg,Pitt_0050039_abide_cc.nii-slice000.jpg
524,Pitt_0050040_abide_msp.nii-slice000.jpg,Pitt_0050040_abide_cc.nii-slice000.jpg
525,Pitt_0050041_abide_msp.nii-slice000.jpg,Pitt_0050041_abide_cc.nii-slice000.jpg
526,Pitt_0050042_abide_msp.nii-slice000.jpg,Pitt_0050042_abide_cc.nii-slice000.jpg
527,Pitt_0050043_abide_msp.nii-slice000.jpg,Pitt_0050043_abide_cc.nii-slice000.jpg
528,Pitt_0050044_abide_msp.nii-slice000.jpg,Pitt_0050044_abide_cc.nii-slice000.jpg
529,Pitt_0050045_abide_msp.nii-slice000.jpg,Pitt_0050045_abide_cc.nii-slice000.jpg
530,Pitt_0050046_abide_msp.nii-slice000.jpg,Pitt_0050046_abide_cc.nii-slice000.jpg
531,Pitt_0050047_abide_msp.nii-slice000.jpg,Pitt_0050047_abide_cc.nii-slice000.jpg
532,Pitt_0050048_abide_msp.nii-slice000.jpg,Pitt_0050048_abide_cc.nii-slice000.jpg
533,Pitt_0050049_abide_msp.nii-slice000.jpg,Pitt_0050049_abide_cc.nii-slice000.jpg
534,Pitt_0050050_abide_msp.nii-slice000.jpg,Pitt_0050050_abide_cc.nii-slice000.jpg
535,Pitt_0050051_abide_msp.nii-slice000.jpg,Pitt_0050051_abide_cc.nii-slice000.jpg
536,Pitt_0050052_abide_msp.nii-slice000.jpg,Pitt_0050052_abide_cc.nii-slice000.jpg
537,Pitt_0050053_abide_msp.nii-slice000.jpg,Pitt_0050053_abide_cc.nii-slice000.jpg
538,Pitt_0050054_abide_msp.nii-slice000.jpg,Pitt_0050054_abide_cc.nii-slice000.jpg
539,Pitt_0050055_abide_msp.nii-slice000.jpg,Pitt_0050055_abide_cc.nii-slice000.jpg
540,Pitt_0050056_abide_msp.nii-slice000.jpg,Pitt_0050056_abide_cc.nii-slice000.jpg
541,Pitt_0050057_abide_msp.nii-slice000.jpg,Pitt_0050057_abide_cc.nii-slice000.jpg
542,Pitt_0050058_abide_msp.nii-slice000.jpg,Pitt_0050058_abide_cc.nii-slice000.jpg
543,Pitt_0050059_abide_msp.nii-slice000.jpg,Pitt_0050059_abide_cc.nii-slice000.jpg
544,Pitt_0050060_abide_msp.nii-slice000.jpg,Pitt_0050060_abide_cc.nii-slice000.jpg
545,SBL_0051556_abide_msp.nii-slice000.jpg,SBL_0051556_abide_cc.nii-slice000.jpg
546,SBL_0051557_abide_msp.nii-slice000.jpg,SBL_0051557_abide_cc.nii-slice000.jpg
547,SBL_0051558_abide_msp.nii-slice000.jpg,SBL_0051558_abide_cc.nii-slice000.jpg
548,SBL_0051559_abide_msp.nii-slice000.jpg,SBL_0051559_abide_cc.nii-slice000.jpg
549,SBL_0051560_abide_msp.nii-slice000.jpg,SBL_0051560_abide_cc.nii-slice000.jpg
550,SBL_0051561_abide_msp.nii-slice000.jpg,SBL_0051561_abide_cc.nii-slice000.jpg
551,SBL_0051562_abide_msp.nii-slice000.jpg,SBL_0051562_abide_cc.nii-slice000.jpg
552,SBL_0051563_abide_msp.nii-slice000.jpg,SBL_0051563_abide_cc.nii-slice000.jpg
553,SBL_0051564_abide_msp.nii-slice000.jpg,SBL_0051564_abide_cc.nii-slice000.jpg
554,SBL_0051565_abide_msp.nii-slice000.jpg,SBL_0051565_abide_cc.nii-slice000.jpg
555,SBL_0051566_abide_msp.nii-slice000.jpg,SBL_0051566_abide_cc.nii-slice000.jpg
556,SBL_0051567_abide_msp.nii-slice000.jpg,SBL_0051567_abide_cc.nii-slice000.jpg
557,SBL_0051568_abide_msp.nii-slice000.jpg,SBL_0051568_abide_cc.nii-slice000.jpg
558,SBL_0051569_abide_msp.nii-slice000.jpg,SBL_0051569_abide_cc.nii-slice000.jpg
559,SBL_0051570_abide_msp.nii-slice000.jpg,SBL_0051570_abide_cc.nii-slice000.jpg
560,SBL_0051571_abide_msp.nii-slice000.jpg,SBL_0051571_abide_cc.nii-slice000.jpg
561,SBL_0051572_abide_msp.nii-slice000.jpg,SBL_0051572_abide_cc.nii-slice000.jpg
562,SBL_0051573_abide_msp.nii-slice000.jpg,SBL_0051573_abide_cc.nii-slice000.jpg
563,SBL_0051574_abide_msp.nii-slice000.jpg,SBL_0051574_abide_cc.nii-slice000.jpg
564,SBL_0051575_abide_msp.nii-slice000.jpg,SBL_0051575_abide_cc.nii-slice000.jpg
565,SBL_0051576_abide_msp.nii-slice000.jpg,SBL_0051576_abide_cc.nii-slice000.jpg
566,SBL_0051577_abide_msp.nii-slice000.jpg,SBL_0051577_abide_cc.nii-slice000.jpg
567,SBL_0051578_abide_msp.nii-slice000.jpg,SBL_0051578_abide_cc.nii-slice000.jpg
568,SBL_0051579_abide_msp.nii-slice000.jpg,SBL_0051579_abide_cc.nii-slice000.jpg
569,SBL_0051580_abide_msp.nii-slice000.jpg,SBL_0051580_abide_cc.nii-slice000.jpg
570,SBL_0051581_abide_msp.nii-slice000.jpg,SBL_0051581_abide_cc.nii-slice000.jpg
571,SBL_0051582_abide_msp.nii-slice000.jpg,SBL_0051582_abide_cc.nii-slice000.jpg
572,SBL_0051583_abide_msp.nii-slice000.jpg,SBL_0051583_abide_cc.nii-slice000.jpg
573,SBL_0051584_abide_msp.nii-slice000.jpg,SBL_0051584_abide_cc.nii-slice000.jpg
574,SBL_0051585_abide_msp.nii-slice000.jpg,SBL_0051585_abide_cc.nii-slice000.jpg
575,SDSU_0050182_abide_msp.nii-slice000.jpg,SDSU_0050182_abide_cc.nii-slice000.jpg
576,SDSU_0050183_abide_msp.nii-slice000.jpg,SDSU_0050183_abide_cc.nii-slice000.jpg
577,SDSU_0050184_abide_msp.nii-slice000.jpg,SDSU_0050184_abide_cc.nii-slice000.jpg
578,SDSU_0050185_abide_msp.nii-slice000.jpg,SDSU_0050185_abide_cc.nii-slice000.jpg
579,SDSU_0050186_abide_msp.nii-slice000.jpg,SDSU_0050186_abide_cc.nii-slice000.jpg
580,SDSU_0050187_abide_msp.nii-slice000.jpg,SDSU_0050187_abide_cc.nii-slice000.jpg
581,SDSU_0050188_abide_msp.nii-slice000.jpg,SDSU_0050188_abide_cc.nii-slice000.jpg
582,SDSU_0050189_abide_msp.nii-slice000.jpg,SDSU_0050189_abide_cc.nii-slice000.jpg
583,SDSU_0050190_abide_msp.nii-slice000.jpg,SDSU_0050190_abide_cc.nii-slice000.jpg
584,SDSU_0050191_abide_msp.nii-slice000.jpg,SDSU_0050191_abide_cc.nii-slice000.jpg
585,SDSU_0050192_abide_msp.nii-slice000.jpg,SDSU_0050192_abide_cc.nii-slice000.jpg
586,SDSU_0050193_abide_msp.nii-slice000.jpg,SDSU_0050193_abide_cc.nii-slice000.jpg
587,SDSU_0050194_abide_msp.nii-slice000.jpg,SDSU_0050194_abide_cc.nii-slice000.jpg
588,SDSU_0050195_abide_msp.nii-slice000.jpg,SDSU_0050195_abide_cc.nii-slice000.jpg
589,SDSU_0050196_abide_msp.nii-slice000.jpg,SDSU_0050196_abide_cc.nii-slice000.jpg
590,SDSU_0050197_abide_msp.nii-slice000.jpg,SDSU_0050197_abide_cc.nii-slice000.jpg
591,SDSU_0050198_abide_msp.nii-slice000.jpg,SDSU_0050198_abide_cc.nii-slice000.jpg
592,SDSU_0050199_abide_msp.nii-slice000.jpg,SDSU_0050199_abide_cc.nii-slice000.jpg
593,SDSU_0050200_abide_msp.nii-slice000.jpg,SDSU_0050200_abide_cc.nii-slice000.jpg
594,SDSU_0050201_abide_msp.nii-slice000.jpg,SDSU_0050201_abide_cc.nii-slice000.jpg
595,SDSU_0050202_abide_msp.nii-slice000.jpg,SDSU_0050202_abide_cc.nii-slice000.jpg
596,SDSU_0050203_abide_msp.nii-slice000.jpg,SDSU_0050203_abide_cc.nii-slice000.jpg
597,SDSU_0050204_abide_msp.nii-slice000.jpg,SDSU_0050204_abide_cc.nii-slice000.jpg
598,SDSU_0050205_abide_msp.nii-slice000.jpg,SDSU_0050205_abide_cc.nii-slice000.jpg
599,SDSU_0050206_abide_msp.nii-slice000.jpg,SDSU_0050206_abide_cc.nii-slice000.jpg
600,SDSU_0050207_abide_msp.nii-slice000.jpg,SDSU_0050207_abide_cc.nii-slice000.jpg
601,SDSU_0050208_abide_msp.nii-slice000.jpg,SDSU_0050208_abide_cc.nii-slice000.jpg
602,SDSU_0050209_abide_msp.nii-slice000.jpg,SDSU_0050209_abide_cc.nii-slice000.jpg
603,SDSU_0050210_abide_msp.nii-slice000.jpg,SDSU_0050210_abide_cc.nii-slice000.jpg
604,SDSU_0050211_abide_msp.nii-slice000.jpg,SDSU_0050211_abide_cc.nii-slice000.jpg
605,SDSU_0050212_abide_msp.nii-slice000.jpg,SDSU_0050212_abide_cc.nii-slice000.jpg
606,SDSU_0050213_abide_msp.nii-slice000.jpg,SDSU_0050213_abide_cc.nii-slice000.jpg
607,SDSU_0050214_abide_msp.nii-slice000.jpg,SDSU_0050214_abide_cc.nii-slice000.jpg
608,SDSU_0050215_abide_msp.nii-slice000.jpg,SDSU_0050215_abide_cc.nii-slice000.jpg
609,SDSU_0050216_abide_msp.nii-slice000.jpg,SDSU_0050216_abide_cc.nii-slice000.jpg
610,SDSU_0050217_abide_msp.nii-slice000.jpg,SDSU_0050217_abide_cc.nii-slice000.jpg
611,Stanford_0051160_abide_msp.nii-slice000.jpg,Stanford_0051160_abide_cc.nii-slice000.jpg
612,Stanford_0051161_abide_msp.nii-slice000.jpg,Stanford_0051161_abide_cc.nii-slice000.jpg
613,Stanford_0051162_abide_msp.nii-slice000.jpg,Stanford_0051162_abide_cc.nii-slice000.jpg
614,Stanford_0051163_abide_msp.nii-slice000.jpg,Stanford_0051163_abide_cc.nii-slice000.jpg
615,Stanford_0051164_abide_msp.nii-slice000.jpg,Stanford_0051164_abide_cc.nii-slice000.jpg
616,Stanford_0051165_abide_msp.nii-slice000.jpg,Stanford_0051165_abide_cc.nii-slice000.jpg
617,Stanford_0051166_abide_msp.nii-slice000.jpg,Stanford_0051166_abide_cc.nii-slice000.jpg
618,Stanford_0051167_abide_msp.nii-slice000.jpg,Stanford_0051167_abide_cc.nii-slice000.jpg
619,Stanford_0051168_abide_msp.nii-slice000.jpg,Stanford_0051168_abide_cc.nii-slice000.jpg
620,Stanford_0051169_abide_msp.nii-slice000.jpg,Stanford_0051169_abide_cc.nii-slice000.jpg
621,Stanford_0051170_abide_msp.nii-slice000.jpg,Stanford_0051170_abide_cc.nii-slice000.jpg
622,Stanford_0051171_abide_msp.nii-slice000.jpg,Stanford_0051171_abide_cc.nii-slice000.jpg
623,Stanford_0051172_abide_msp.nii-slice000.jpg,Stanford_0051172_abide_cc.nii-slice000.jpg
624,Stanford_0051173_abide_msp.nii-slice000.jpg,Stanford_0051173_abide_cc.nii-slice000.jpg
625,Stanford_0051174_abide_msp.nii-slice000.jpg,Stanford_0051174_abide_cc.nii-slice000.jpg
626,Stanford_0051175_abide_msp.nii-slice000.jpg,Stanford_0051175_abide_cc.nii-slice000.jpg
627,Stanford_0051176_abide_msp.nii-slice000.jpg,Stanford_0051176_abide_cc.nii-slice000.jpg
628,Stanford_0051177_abide_msp.nii-slice000.jpg,Stanford_0051177_abide_cc.nii-slice000.jpg
629,Stanford_0051178_abide_msp.nii-slice000.jpg,Stanford_0051178_abide_cc.nii-slice000.jpg
630,Stanford_0051179_abide_msp.nii-slice000.jpg,Stanford_0051179_abide_cc.nii-slice000.jpg
631,Stanford_0051180_abide_msp.nii-slice000.jpg,Stanford_0051180_abide_cc.nii-slice000.jpg
632,Stanford_0051181_abide_msp.nii-slice000.jpg,Stanford_0051181_abide_cc.nii-slice000.jpg
633,Stanford_0051182_abide_msp.nii-slice000.jpg,Stanford_0051182_abide_cc.nii-slice000.jpg
634,Stanford_0051183_abide_msp.nii-slice000.jpg,Stanford_0051183_abide_cc.nii-slice000.jpg
635,Stanford_0051184_abide_msp.nii-slice000.jpg,Stanford_0051184_abide_cc.nii-slice000.jpg
636,Stanford_0051185_abide_msp.nii-slice000.jpg,Stanford_0051185_abide_cc.nii-slice000.jpg
637,Stanford_0051186_abide_msp.nii-slice000.jpg,Stanford_0051186_abide_cc.nii-slice000.jpg
638,Stanford_0051187_abide_msp.nii-slice000.jpg,Stanford_0051187_abide_cc.nii-slice000.jpg
639,Stanford_0051188_abide_msp.nii-slice000.jpg,Stanford_0051188_abide_cc.nii-slice000.jpg
640,Stanford_0051189_abide_msp.nii-slice000.jpg,Stanford_0051189_abide_cc.nii-slice000.jpg
641,Stanford_0051190_abide_msp.nii-slice000.jpg,Stanford_0051190_abide_cc.nii-slice000.jpg
642,Stanford_0051191_abide_msp.nii-slice000.jpg,Stanford_0051191_abide_cc.nii-slice000.jpg
643,Stanford_0051192_abide_msp.nii-slice000.jpg,Stanford_0051192_abide_cc.nii-slice000.jpg
644,Stanford_0051193_abide_msp.nii-slice000.jpg,Stanford_0051193_abide_cc.nii-slice000.jpg
645,Stanford_0051194_abide_msp.nii-slice000.jpg,Stanford_0051194_abide_cc.nii-slice000.jpg
646,Stanford_0051195_abide_msp.nii-slice000.jpg,Stanford_0051195_abide_cc.nii-slice000.jpg
647,Stanford_0051196_abide_msp.nii-slice000.jpg,Stanford_0051196_abide_cc.nii-slice000.jpg
648,Stanford_0051197_abide_msp.nii-slice000.jpg,Stanford_0051197_abide_cc.nii-slice000.jpg
649,Stanford_0051198_abide_msp.nii-slice000.jpg,Stanford_0051198_abide_cc.nii-slice000.jpg
650,Stanford_0051199_abide_msp.nii-slice000.jpg,Stanford_0051199_abide_cc.nii-slice000.jpg
651,Trinity_0050232_abide_msp.nii-slice000.jpg,Trinity_0050232_abide_cc.nii-slice000.jpg
652,Trinity_0050233_abide_msp.nii-slice000.jpg,Trinity_0050233_abide_cc.nii-slice000.jpg
653,Trinity_0050234_abide_msp.nii-slice000.jpg,Trinity_0050234_abide_cc.nii-slice000.jpg
654,Trinity_0050235_abide_msp.nii-slice000.jpg,Trinity_0050235_abide_cc.nii-slice000.jpg
655,Trinity_0050236_abide_msp.nii-slice000.jpg,Trinity_0050236_abide_cc.nii-slice000.jpg
656,Trinity_0050237_abide_msp.nii-slice000.jpg,Trinity_0050237_abide_cc.nii-slice000.jpg
657,Trinity_0050238_abide_msp.nii-slice000.jpg,Trinity_0050238_abide_cc.nii-slice000.jpg
658,Trinity_0050239_abide_msp.nii-slice000.jpg,Trinity_0050239_abide_cc.nii-slice000.jpg
659,Trinity_0050240_abide_msp.nii-slice000.jpg,Trinity_0050240_abide_cc.nii-slice000.jpg
660,Trinity_0050241_abide_msp.nii-slice000.jpg,Trinity_0050241_abide_cc.nii-slice000.jpg
661,Trinity_0050242_abide_msp.nii-slice000.jpg,Trinity_0050242_abide_cc.nii-slice000.jpg
662,Trinity_0050243_abide_msp.nii-slice000.jpg,Trinity_0050243_abide_cc.nii-slice000.jpg
663,Trinity_0050244_abide_msp.nii-slice000.jpg,Trinity_0050244_abide_cc.nii-slice000.jpg
664,Trinity_0050245_abide_msp.nii-slice000.jpg,Trinity_0050245_abide_cc.nii-slice000.jpg
665,Trinity_0050246_abide_msp.nii-slice000.jpg,Trinity_0050246_abide_cc.nii-slice000.jpg
666,Trinity_0050247_abide_msp.nii-slice000.jpg,Trinity_0050247_abide_cc.nii-slice000.jpg
667,Trinity_0050248_abide_msp.nii-slice000.jpg,Trinity_0050248_abide_cc.nii-slice000.jpg
668,Trinity_0050249_abide_msp.nii-slice000.jpg,Trinity_0050249_abide_cc.nii-slice000.jpg
669,Trinity_0050250_abide_msp.nii-slice000.jpg,Trinity_0050250_abide_cc.nii-slice000.jpg
670,Trinity_0050251_abide_msp.nii-slice000.jpg,Trinity_0050251_abide_cc.nii-slice000.jpg
671,Trinity_0050252_abide_msp.nii-slice000.jpg,Trinity_0050252_abide_cc.nii-slice000.jpg
672,Trinity_0050253_abide_msp.nii-slice000.jpg,Trinity_0050253_abide_cc.nii-slice000.jpg
673,Trinity_0050254_abide_msp.nii-slice000.jpg,Trinity_0050254_abide_cc.nii-slice000.jpg
674,Trinity_0050255_abide_msp.nii-slice000.jpg,Trinity_0050255_abide_cc.nii-slice000.jpg
675,Trinity_0050257_abide_msp.nii-slice000.jpg,Trinity_0050257_abide_cc.nii-slice000.jpg
676,Trinity_0050259_abide_msp.nii-slice000.jpg,Trinity_0050259_abide_cc.nii-slice000.jpg
677,Trinity_0050260_abide_msp.nii-slice000.jpg,Trinity_0050260_abide_cc.nii-slice000.jpg
678,Trinity_0050261_abide_msp.nii-slice000.jpg,Trinity_0050261_abide_cc.nii-slice000.jpg
679,Trinity_0050262_abide_msp.nii-slice000.jpg,Trinity_0050262_abide_cc.nii-slice000.jpg
680,Trinity_0050263_abide_msp.nii-slice000.jpg,Trinity_0050263_abide_cc.nii-slice000.jpg
681,Trinity_0050264_abide_msp.nii-slice000.jpg,Trinity_0050264_abide_cc.nii-slice000.jpg
682,Trinity_0050265_abide_msp.nii-slice000.jpg,Trinity_0050265_abide_cc.nii-slice000.jpg
683,Trinity_0050266_abide_msp.nii-slice000.jpg,Trinity_0050266_abide_cc.nii-slice000.jpg
684,Trinity_0050267_abide_msp.nii-slice000.jpg,Trinity_0050267_abide_cc.nii-slice000.jpg
685,Trinity_0050268_abide_msp.nii-slice000.jpg,Trinity_0050268_abide_cc.nii-slice000.jpg
686,Trinity_0050269_abide_msp.nii-slice000.jpg,Trinity_0050269_abide_cc.nii-slice000.jpg
687,Trinity_0050270_abide_msp.nii-slice000.jpg,Trinity_0050270_abide_cc.nii-slice000.jpg
688,Trinity_0050271_abide_msp.nii-slice000.jpg,Trinity_0050271_abide_cc.nii-slice000.jpg
689,Trinity_0051132_abide_msp.nii-slice000.jpg,Trinity_0051132_abide_cc.nii-slice000.jpg
690,Trinity_0051133_abide_msp.nii-slice000.jpg,Trinity_0051133_abide_cc.nii-slice000.jpg
691,Trinity_0051134_abide_msp.nii-slice000.jpg,Trinity_0051134_abide_cc.nii-slice000.jpg
692,Trinity_0051135_abide_msp.nii-slice000.jpg,Trinity_0051135_abide_cc.nii-slice000.jpg
693,Trinity_0051136_abide_msp.nii-slice000.jpg,Trinity_0051136_abide_cc.nii-slice000.jpg
694,Trinity_0051137_abide_msp.nii-slice000.jpg,Trinity_0051137_abide_cc.nii-slice000.jpg
695,Trinity_0051138_abide_msp.nii-slice000.jpg,Trinity_0051138_abide_cc.nii-slice000.jpg
696,Trinity_0051139_abide_msp.nii-slice000.jpg,Trinity_0051139_abide_cc.nii-slice000.jpg
697,Trinity_0051140_abide_msp.nii-slice000.jpg,Trinity_0051140_abide_cc.nii-slice000.jpg
698,Trinity_0051141_abide_msp.nii-slice000.jpg,Trinity_0051141_abide_cc.nii-slice000.jpg
699,Trinity_0051142_abide_msp.nii-slice000.jpg,Trinity_0051142_abide_cc.nii-slice000.jpg
700,UCLA_1_0051201_abide_msp.nii-slice000.jpg,UCLA_1_0051201_abide_cc.nii-slice000.jpg
701,UCLA_1_0051202_abide_msp.nii-slice000.jpg,UCLA_1_0051202_abide_cc.nii-slice000.jpg
702,UCLA_1_0051203_abide_msp.nii-slice000.jpg,UCLA_1_0051203_abide_cc.nii-slice000.jpg
703,UCLA_1_0051204_abide_msp.nii-slice000.jpg,UCLA_1_0051204_abide_cc.nii-slice000.jpg
704,UCLA_1_0051205_abide_msp.nii-slice000.jpg,UCLA_1_0051205_abide_cc.nii-slice000.jpg
705,UCLA_1_0051206_abide_msp.nii-slice000.jpg,UCLA_1_0051206_abide_cc.nii-slice000.jpg
706,UCLA_1_0051207_abide_msp.nii-slice000.jpg,UCLA_1_0051207_abide_cc.nii-slice000.jpg
707,UCLA_1_0051208_abide_msp.nii-slice000.jpg,UCLA_1_0051208_abide_cc.nii-slice000.jpg
708,UCLA_1_0051209_abide_msp.nii-slice000.jpg,UCLA_1_0051209_abide_cc.nii-slice000.jpg
709,UCLA_1_0051210_abide_msp.nii-slice000.jpg,UCLA_1_0051210_abide_cc.nii-slice000.jpg
710,UCLA_1_0051211_abide_msp.nii-slice000.jpg,UCLA_1_0051211_abide_cc.nii-slice000.jpg
711,UCLA_1_0051212_abide_msp.nii-slice000.jpg,UCLA_1_0051212_abide_cc.nii-slice000.jpg
712,UCLA_1_0051213_abide_msp.nii-slice000.jpg,UCLA_1_0051213_abide_cc.nii-slice000.jpg
713,UCLA_1_0051214_abide_msp.nii-slice000.jpg,UCLA_1_0051214_abide_cc.nii-slice000.jpg
714,UCLA_1_0051215_abide_msp.nii-slice000.jpg,UCLA_1_0051215_abide_cc.nii-slice000.jpg
715,UCLA_1_0051216_abide_msp.nii-slice000.jpg,UCLA_1_0051216_abide_cc.nii-slice000.jpg
716,UCLA_1_0051217_abide_msp.nii-slice000.jpg,UCLA_1_0051217_abide_cc.nii-slice000.jpg
717,UCLA_1_0051218_abide_msp.nii-slice000.jpg,UCLA_1_0051218_abide_cc.nii-slice000.jpg
718,UCLA_1_0051219_abide_msp.nii-slice000.jpg,UCLA_1_0051219_abide_cc.nii-slice000.jpg
719,UCLA_1_0051220_abide_msp.nii-slice000.jpg,UCLA_1_0051220_abide_cc.nii-slice000.jpg
720,UCLA_1_0051221_abide_msp.nii-slice000.jpg,UCLA_1_0051221_abide_cc.nii-slice000.jpg
721,UCLA_1_0051222_abide_msp.nii-slice000.jpg,UCLA_1_0051222_abide_cc.nii-slice000.jpg
722,UCLA_1_0051223_abide_msp.nii-slice000.jpg,UCLA_1_0051223_abide_cc.nii-slice000.jpg
723,UCLA_1_0051224_abide_msp.nii-slice000.jpg,UCLA_1_0051224_abide_cc.nii-slice000.jpg
724,UCLA_1_0051225_abide_msp.nii-slice000.jpg,UCLA_1_0051225_abide_cc.nii-slice000.jpg
725,UCLA_1_0051226_abide_msp.nii-slice000.jpg,UCLA_1_0051226_abide_cc.nii-slice000.jpg
726,UCLA_1_0051227_abide_msp.nii-slice000.jpg,UCLA_1_0051227_abide_cc.nii-slice000.jpg
727,UCLA_1_0051228_abide_msp.nii-slice000.jpg,UCLA_1_0051228_abide_cc.nii-slice000.jpg
728,UCLA_1_0051229_abide_msp.nii-slice000.jpg,UCLA_1_0051229_abide_cc.nii-slice000.jpg
729,UCLA_1_0051230_abide_msp.nii-slice000.jpg,UCLA_1_0051230_abide_cc.nii-slice000.jpg
730,UCLA_1_0051231_abide_msp.nii-slice000.jpg,UCLA_1_0051231_abide_cc.nii-slice000.jpg
731,UCLA_1_0051234_abide_msp.nii-slice000.jpg,UCLA_1_0051234_abide_cc.nii-slice000.jpg
732,UCLA_1_0051235_abide_msp.nii-slice000.jpg,UCLA_1_0051235_abide_cc.nii-slice000.jpg
733,UCLA_1_0051236_abide_msp.nii-slice000.jpg,UCLA_1_0051236_abide_cc.nii-slice000.jpg
734,UCLA_1_0051237_abide_msp.nii-slice000.jpg,UCLA_1_0051237_abide_cc.nii-slice000.jpg
735,UCLA_1_0051238_abide_msp.nii-slice000.jpg,UCLA_1_0051238_abide_cc.nii-slice000.jpg
736,UCLA_1_0051239_abide_msp.nii-slice000.jpg,UCLA_1_0051239_abide_cc.nii-slice000.jpg
737,UCLA_1_0051240_abide_msp.nii-slice000.jpg,UCLA_1_0051240_abide_cc.nii-slice000.jpg
738,UCLA_1_0051241_abide_msp.nii-slice000.jpg,UCLA_1_0051241_abide_cc.nii-slice000.jpg
739,UCLA_1_0051248_abide_msp.nii-slice000.jpg,UCLA_1_0051248_abide_cc.nii-slice000.jpg
740,UCLA_1_0051249_abide_msp.nii-slice000.jpg,UCLA_1_0051249_abide_cc.nii-slice000.jpg
741,UCLA_1_0051250_abide_msp.nii-slice000.jpg,UCLA_1_0051250_abide_cc.nii-slice000.jpg
742,UCLA_1_0051251_abide_msp.nii-slice000.jpg,UCLA_1_0051251_abide_cc.nii-slice000.jpg
743,UCLA_1_0051252_abide_msp.nii-slice000.jpg,UCLA_1_0051252_abide_cc.nii-slice000.jpg
744,UCLA_1_0051253_abide_msp.nii-slice000.jpg,UCLA_1_0051253_abide_cc.nii-slice000.jpg
745,UCLA_1_0051254_abide_msp.nii-slice000.jpg,UCLA_1_0051254_abide_cc.nii-slice000.jpg
746,UCLA_1_0051255_abide_msp.nii-slice000.jpg,UCLA_1_0051255_abide_cc.nii-slice000.jpg
747,UCLA_1_0051256_abide_msp.nii-slice000.jpg,UCLA_1_0051256_abide_cc.nii-slice000.jpg
748,UCLA_1_0051257_abide_msp.nii-slice000.jpg,UCLA_1_0051257_abide_cc.nii-slice000.jpg
749,UCLA_1_0051258_abide_msp.nii-slice000.jpg,UCLA_1_0051258_abide_cc.nii-slice000.jpg
750,UCLA_1_0051259_abide_msp.nii-slice000.jpg,UCLA_1_0051259_abide_cc.nii-slice000.jpg
751,UCLA_1_0051260_abide_msp.nii-slice000.jpg,UCLA_1_0051260_abide_cc.nii-slice000.jpg
752,UCLA_1_0051261_abide_msp.nii-slice000.jpg,UCLA_1_0051261_abide_cc.nii-slice000.jpg
753,UCLA_1_0051262_abide_msp.nii-slice000.jpg,UCLA_1_0051262_abide_cc.nii-slice000.jpg
754,UCLA_1_0051263_abide_msp.nii-slice000.jpg,UCLA_1_0051263_abide_cc.nii-slice000.jpg
755,UCLA_1_0051264_abide_msp.nii-slice000.jpg,UCLA_1_0051264_abide_cc.nii-slice000.jpg
756,UCLA_1_0051265_abide_msp.nii-slice000.jpg,UCLA_1_0051265_abide_cc.nii-slice000.jpg
757,UCLA_1_0051266_abide_msp.nii-slice000.jpg,UCLA_1_0051266_abide_cc.nii-slice000.jpg
758,UCLA_1_0051267_abide_msp.nii-slice000.jpg,UCLA_1_0051267_abide_cc.nii-slice000.jpg
759,UCLA_1_0051268_abide_msp.nii-slice000.jpg,UCLA_1_0051268_abide_cc.nii-slice000.jpg
760,UCLA_1_0051269_abide_msp.nii-slice000.jpg,UCLA_1_0051269_abide_cc.nii-slice000.jpg
761,UCLA_1_0051271_abide_msp.nii-slice000.jpg,UCLA_1_0051271_abide_cc.nii-slice000.jpg
762,UCLA_1_0051272_abide_msp.nii-slice000.jpg,UCLA_1_0051272_abide_cc.nii-slice000.jpg
763,UCLA_1_0051273_abide_msp.nii-slice000.jpg,UCLA_1_0051273_abide_cc.nii-slice000.jpg
764,UCLA_1_0051274_abide_msp.nii-slice000.jpg,UCLA_1_0051274_abide_cc.nii-slice000.jpg
765,UCLA_1_0051275_abide_msp.nii-slice000.jpg,UCLA_1_0051275_abide_cc.nii-slice000.jpg
766,UCLA_1_0051276_abide_msp.nii-slice000.jpg,UCLA_1_0051276_abide_cc.nii-slice000.jpg
767,UCLA_1_0051277_abide_msp.nii-slice000.jpg,UCLA_1_0051277_abide_cc.nii-slice000.jpg
768,UCLA_1_0051278_abide_msp.nii-slice000.jpg,UCLA_1_0051278_abide_cc.nii-slice000.jpg
769,UCLA_1_0051279_abide_msp.nii-slice000.jpg,UCLA_1_0051279_abide_cc.nii-slice000.jpg
770,UCLA_1_0051280_abide_msp.nii-slice000.jpg,UCLA_1_0051280_abide_cc.nii-slice000.jpg
771,UCLA_1_0051281_abide_msp.nii-slice000.jpg,UCLA_1_0051281_abide_cc.nii-slice000.jpg
772,UCLA_1_0051282_abide_msp.nii-slice000.jpg,UCLA_1_0051282_abide_cc.nii-slice000.jpg
773,UCLA_2_0051291_abide_msp.nii-slice000.jpg,UCLA_2_0051291_abide_cc.nii-slice000.jpg
774,UCLA_2_0051292_abide_msp.nii-slice000.jpg,UCLA_2_0051292_abide_cc.nii-slice000.jpg
775,UCLA_2_0051293_abide_msp.nii-slice000.jpg,UCLA_2_0051293_abide_cc.nii-slice000.jpg
776,UCLA_2_0051294_abide_msp.nii-slice000.jpg,UCLA_2_0051294_abide_cc.nii-slice000.jpg
777,UCLA_2_0051295_abide_msp.nii-slice000.jpg,UCLA_2_0051295_abide_cc.nii-slice000.jpg
778,UCLA_2_0051297_abide_msp.nii-slice000.jpg,UCLA_2_0051297_abide_cc.nii-slice000.jpg
779,UCLA_2_0051298_abide_msp.nii-slice000.jpg,UCLA_2_0051298_abide_cc.nii-slice000.jpg
780,UCLA_2_0051299_abide_msp.nii-slice000.jpg,UCLA_2_0051299_abide_cc.nii-slice000.jpg
781,UCLA_2_0051300_abide_msp.nii-slice000.jpg,UCLA_2_0051300_abide_cc.nii-slice000.jpg
782,UCLA_2_0051301_abide_msp.nii-slice000.jpg,UCLA_2_0051301_abide_cc.nii-slice000.jpg
783,UCLA_2_0051302_abide_msp.nii-slice000.jpg,UCLA_2_0051302_abide_cc.nii-slice000.jpg
784,UCLA_2_0051303_abide_msp.nii-slice000.jpg,UCLA_2_0051303_abide_cc.nii-slice000.jpg
785,UCLA_2_0051304_abide_msp.nii-slice000.jpg,UCLA_2_0051304_abide_cc.nii-slice000.jpg
786,UCLA_2_0051305_abide_msp.nii-slice000.jpg,UCLA_2_0051305_abide_cc.nii-slice000.jpg
787,UCLA_2_0051306_abide_msp.nii-slice000.jpg,UCLA_2_0051306_abide_cc.nii-slice000.jpg
788,UCLA_2_0051307_abide_msp.nii-slice000.jpg,UCLA_2_0051307_abide_cc.nii-slice000.jpg
789,UCLA_2_0051308_abide_msp.nii-slice000.jpg,UCLA_2_0051308_abide_cc.nii-slice000.jpg
790,UCLA_2_0051309_abide_msp.nii-slice000.jpg,UCLA_2_0051309_abide_cc.nii-slice000.jpg
791,UCLA_2_0051311_abide_msp.nii-slice000.jpg,UCLA_2_0051311_abide_cc.nii-slice000.jpg
792,UCLA_2_0051312_abide_msp.nii-slice000.jpg,UCLA_2_0051312_abide_cc.nii-slice000.jpg
793,UCLA_2_0051313_abide_msp.nii-slice000.jpg,UCLA_2_0051313_abide_cc.nii-slice000.jpg
794,UCLA_2_0051314_abide_msp.nii-slice000.jpg,UCLA_2_0051314_abide_cc.nii-slice000.jpg
795,UCLA_2_0051315_abide_msp.nii-slice000.jpg,UCLA_2_0051315_abide_cc.nii-slice000.jpg
796,UCLA_2_0051316_abide_msp.nii-slice000.jpg,UCLA_2_0051316_abide_cc.nii-slice000.jpg
797,UCLA_2_0051317_abide_msp.nii-slice000.jpg,UCLA_2_0051317_abide_cc.nii-slice000.jpg
798,UM_1_0050272_abide_msp.nii-slice000.jpg,UM_1_0050272_abide_cc.nii-slice000.jpg
799,UM_1_0050273_abide_msp.nii-slice000.jpg,UM_1_0050273_abide_cc.nii-slice000.jpg
800,UM_1_0050274_abide_msp.nii-slice000.jpg,UM_1_0050274_abide_cc.nii-slice000.jpg
801,UM_1_0050275_abide_msp.nii-slice000.jpg,UM_1_0050275_abide_cc.nii-slice000.jpg
802,UM_1_0050276_abide_msp.nii-slice000.jpg,UM_1_0050276_abide_cc.nii-slice000.jpg
803,UM_1_0050277_abide_msp.nii-slice000.jpg,UM_1_0050277_abide_cc.nii-slice000.jpg
804,UM_1_0050278_abide_msp.nii-slice000.jpg,UM_1_0050278_abide_cc.nii-slice000.jpg
805,UM_1_0050279_abide_msp.nii-slice000.jpg,UM_1_0050279_abide_cc.nii-slice000.jpg
806,UM_1_0050280_abide_msp.nii-slice000.jpg,UM_1_0050280_abide_cc.nii-slice000.jpg
807,UM_1_0050281_abide_msp.nii-slice000.jpg,UM_1_0050281_abide_cc.nii-slice000.jpg
808,UM_1_0050282_abide_msp.nii-slice000.jpg,UM_1_0050282_abide_cc.nii-slice000.jpg
809,UM_1_0050283_abide_msp.nii-slice000.jpg,UM_1_0050283_abide_cc.nii-slice000.jpg
810,UM_1_0050284_abide_msp.nii-slice000.jpg,UM_1_0050284_abide_cc.nii-slice000.jpg
811,UM_1_0050285_abide_msp.nii-slice000.jpg,UM_1_0050285_abide_cc.nii-slice000.jpg
812,UM_1_0050286_abide_msp.nii-slice000.jpg,UM_1_0050286_abide_cc.nii-slice000.jpg
813,UM_1_0050287_abide_msp.nii-slice000.jpg,UM_1_0050287_abide_cc.nii-slice000.jpg
814,UM_1_0050288_abide_msp.nii-slice000.jpg,UM_1_0050288_abide_cc.nii-slice000.jpg
815,UM_1_0050289_abide_msp.nii-slice000.jpg,UM_1_0050289_abide_cc.nii-slice000.jpg
816,UM_1_0050290_abide_msp.nii-slice000.jpg,UM_1_0050290_abide_cc.nii-slice000.jpg
817,UM_1_0050291_abide_msp.nii-slice000.jpg,UM_1_0050291_abide_cc.nii-slice000.jpg
818,UM_1_0050292_abide_msp.nii-slice000.jpg,UM_1_0050292_abide_cc.nii-slice000.jpg
819,UM_1_0050293_abide_msp.nii-slice000.jpg,UM_1_0050293_abide_cc.nii-slice000.jpg
820,UM_1_0050294_abide_msp.nii-slice000.jpg,UM_1_0050294_abide_cc.nii-slice000.jpg
821,UM_1_0050295_abide_msp.nii-slice000.jpg,UM_1_0050295_abide_cc.nii-slice000.jpg
822,UM_1_0050296_abide_msp.nii-slice000.jpg,UM_1_0050296_abide_cc.nii-slice000.jpg
823,UM_1_0050297_abide_msp.nii-slice000.jpg,UM_1_0050297_abide_cc.nii-slice000.jpg
824,UM_1_0050298_abide_msp.nii-slice000.jpg,UM_1_0050298_abide_cc.nii-slice000.jpg
825,UM_1_0050299_abide_msp.nii-slice000.jpg,UM_1_0050299_abide_cc.nii-slice000.jpg
826,UM_1_0050300_abide_msp.nii-slice000.jpg,UM_1_0050300_abide_cc.nii-slice000.jpg
827,UM_1_0050301_abide_msp.nii-slice000.jpg,UM_1_0050301_abide_cc.nii-slice000.jpg
828,UM_1_0050302_abide_msp.nii-slice000.jpg,UM_1_0050302_abide_cc.nii-slice000.jpg
829,UM_1_0050303_abide_msp.nii-slice000.jpg,UM_1_0050303_abide_cc.nii-slice000.jpg
830,UM_1_0050304_abide_msp.nii-slice000.jpg,UM_1_0050304_abide_cc.nii-slice000.jpg
831,UM_1_0050305_abide_msp.nii-slice000.jpg,UM_1_0050305_abide_cc.nii-slice000.jpg
832,UM_1_0050306_abide_msp.nii-slice000.jpg,UM_1_0050306_abide_cc.nii-slice000.jpg
833,UM_1_0050307_abide_msp.nii-slice000.jpg,UM_1_0050307_abide_cc.nii-slice000.jpg
834,UM_1_0050308_abide_msp.nii-slice000.jpg,UM_1_0050308_abide_cc.nii-slice000.jpg
835,UM_1_0050309_abide_msp.nii-slice000.jpg,UM_1_0050309_abide_cc.nii-slice000.jpg
836,UM_1_0050310_abide_msp.nii-slice000.jpg,UM_1_0050310_abide_cc.nii-slice000.jpg
837,UM_1_0050311_abide_msp.nii-slice000.jpg,UM_1_0050311_abide_cc.nii-slice000.jpg
838,UM_1_0050312_abide_msp.nii-slice000.jpg,UM_1_0050312_abide_cc.nii-slice000.jpg
839,UM_1_0050313_abide_msp.nii-slice000.jpg,UM_1_0050313_abide_cc.nii-slice000.jpg
840,UM_1_0050314_abide_msp.nii-slice000.jpg,UM_1_0050314_abide_cc.nii-slice000.jpg
841,UM_1_0050315_abide_msp.nii-slice000.jpg,UM_1_0050315_abide_cc.nii-slice000.jpg
842,UM_1_0050316_abide_msp.nii-slice000.jpg,UM_1_0050316_abide_cc.nii-slice000.jpg
843,UM_1_0050317_abide_msp.nii-slice000.jpg,UM_1_0050317_abide_cc.nii-slice000.jpg
844,UM_1_0050318_abide_msp.nii-slice000.jpg,UM_1_0050318_abide_cc.nii-slice000.jpg
845,UM_1_0050319_abide_msp.nii-slice000.jpg,UM_1_0050319_abide_cc.nii-slice000.jpg
846,UM_1_0050320_abide_msp.nii-slice000.jpg,UM_1_0050320_abide_cc.nii-slice000.jpg
847,UM_1_0050321_abide_msp.nii-slice000.jpg,UM_1_0050321_abide_cc.nii-slice000.jpg
848,UM_1_0050322_abide_msp.nii-slice000.jpg,UM_1_0050322_abide_cc.nii-slice000.jpg
849,UM_1_0050323_abide_msp.nii-slice000.jpg,UM_1_0050323_abide_cc.nii-slice000.jpg
850,UM_1_0050324_abide_msp.nii-slice000.jpg,UM_1_0050324_abide_cc.nii-slice000.jpg
851,UM_1_0050325_abide_msp.nii-slice000.jpg,UM_1_0050325_abide_cc.nii-slice000.jpg
852,UM_1_0050326_abide_msp.nii-slice000.jpg,UM_1_0050326_abide_cc.nii-slice000.jpg
853,UM_1_0050327_abide_msp.nii-slice000.jpg,UM_1_0050327_abide_cc.nii-slice000.jpg
854,UM_1_0050328_abide_msp.nii-slice000.jpg,UM_1_0050328_abide_cc.nii-slice000.jpg
855,UM_1_0050329_abide_msp.nii-slice000.jpg,UM_1_0050329_abide_cc.nii-slice000.jpg
856,UM_1_0050330_abide_msp.nii-slice000.jpg,UM_1_0050330_abide_cc.nii-slice000.jpg
857,UM_1_0050331_abide_msp.nii-slice000.jpg,UM_1_0050331_abide_cc.nii-slice000.jpg
858,UM_1_0050332_abide_msp.nii-slice000.jpg,UM_1_0050332_abide_cc.nii-slice000.jpg
859,UM_1_0050333_abide_msp.nii-slice000.jpg,UM_1_0050333_abide_cc.nii-slice000.jpg
860,UM_1_0050334_abide_msp.nii-slice000.jpg,UM_1_0050334_abide_cc.nii-slice000.jpg
861,UM_1_0050335_abide_msp.nii-slice000.jpg,UM_1_0050335_abide_cc.nii-slice000.jpg
862,UM_1_0050336_abide_msp.nii-slice000.jpg,UM_1_0050336_abide_cc.nii-slice000.jpg
863,UM_1_0050337_abide_msp.nii-slice000.jpg,UM_1_0050337_abide_cc.nii-slice000.jpg
864,UM_1_0050338_abide_msp.nii-slice000.jpg,UM_1_0050338_abide_cc.nii-slice000.jpg
865,UM_1_0050339_abide_msp.nii-slice000.jpg,UM_1_0050339_abide_cc.nii-slice000.jpg
866,UM_1_0050340_abide_msp.nii-slice000.jpg,UM_1_0050340_abide_cc.nii-slice000.jpg
867,UM_1_0050341_abide_msp.nii-slice000.jpg,UM_1_0050341_abide_cc.nii-slice000.jpg
868,UM_1_0050342_abide_msp.nii-slice000.jpg,UM_1_0050342_abide_cc.nii-slice000.jpg
869,UM_1_0050343_abide_msp.nii-slice000.jpg,UM_1_0050343_abide_cc.nii-slice000.jpg
870,UM_1_0050344_abide_msp.nii-slice000.jpg,UM_1_0050344_abide_cc.nii-slice000.jpg
871,UM_1_0050345_abide_msp.nii-slice000.jpg,UM_1_0050345_abide_cc.nii-slice000.jpg
872,UM_1_0050346_abide_msp.nii-slice000.jpg,UM_1_0050346_abide_cc.nii-slice000.jpg
873,UM_1_0050347_abide_msp.nii-slice000.jpg,UM_1_0050347_abide_cc.nii-slice000.jpg
874,UM_1_0050348_abide_msp.nii-slice000.jpg,UM_1_0050348_abide_cc.nii-slice000.jpg
875,UM_1_0050349_abide_msp.nii-slice000.jpg,UM_1_0050349_abide_cc.nii-slice000.jpg
876,UM_1_0050350_abide_msp.nii-slice000.jpg,UM_1_0050350_abide_cc.nii-slice000.jpg
877,UM_1_0050351_abide_msp.nii-slice000.jpg,UM_1_0050351_abide_cc.nii-slice000.jpg
878,UM_1_0050352_abide_msp.nii-slice000.jpg,UM_1_0050352_abide_cc.nii-slice000.jpg
879,UM_1_0050353_abide_msp.nii-slice000.jpg,UM_1_0050353_abide_cc.nii-slice000.jpg
880,UM_1_0050354_abide_msp.nii-slice000.jpg,UM_1_0050354_abide_cc.nii-slice000.jpg
881,UM_1_0050355_abide_msp.nii-slice000.jpg,UM_1_0050355_abide_cc.nii-slice000.jpg
882,UM_1_0050356_abide_msp.nii-slice000.jpg,UM_1_0050356_abide_cc.nii-slice000.jpg
883,UM_1_0050357_abide_msp.nii-slice000.jpg,UM_1_0050357_abide_cc.nii-slice000.jpg
884,UM_1_0050358_abide_msp.nii-slice000.jpg,UM_1_0050358_abide_cc.nii-slice000.jpg
885,UM_1_0050359_abide_msp.nii-slice000.jpg,UM_1_0050359_abide_cc.nii-slice000.jpg
886,UM_1_0050360_abide_msp.nii-slice000.jpg,UM_1_0050360_abide_cc.nii-slice000.jpg
887,UM_1_0050361_abide_msp.nii-slice000.jpg,UM_1_0050361_abide_cc.nii-slice000.jpg
888,UM_1_0050362_abide_msp.nii-slice000.jpg,UM_1_0050362_abide_cc.nii-slice000.jpg
889,UM_1_0050363_abide_msp.nii-slice000.jpg,UM_1_0050363_abide_cc.nii-slice000.jpg
890,UM_1_0050364_abide_msp.nii-slice000.jpg,UM_1_0050364_abide_cc.nii-slice000.jpg
891,UM_1_0050365_abide_msp.nii-slice000.jpg,UM_1_0050365_abide_cc.nii-slice000.jpg
892,UM_1_0050366_abide_msp.nii-slice000.jpg,UM_1_0050366_abide_cc.nii-slice000.jpg
893,UM_1_0050367_abide_msp.nii-slice000.jpg,UM_1_0050367_abide_cc.nii-slice000.jpg
894,UM_1_0050368_abide_msp.nii-slice000.jpg,UM_1_0050368_abide_cc.nii-slice000.jpg
895,UM_1_0050369_abide_msp.nii-slice000.jpg,UM_1_0050369_abide_cc.nii-slice000.jpg
896,UM_1_0050370_abide_msp.nii-slice000.jpg,UM_1_0050370_abide_cc.nii-slice000.jpg
897,UM_1_0050371_abide_msp.nii-slice000.jpg,UM_1_0050371_abide_cc.nii-slice000.jpg
898,UM_1_0050372_abide_msp.nii-slice000.jpg,UM_1_0050372_abide_cc.nii-slice000.jpg
899,UM_1_0050373_abide_msp.nii-slice000.jpg,UM_1_0050373_abide_cc.nii-slice000.jpg
900,UM_1_0050374_abide_msp.nii-slice000.jpg,UM_1_0050374_abide_cc.nii-slice000.jpg
901,UM_1_0050375_abide_msp.nii-slice000.jpg,UM_1_0050375_abide_cc.nii-slice000.jpg
902,UM_1_0050376_abide_msp.nii-slice000.jpg,UM_1_0050376_abide_cc.nii-slice000.jpg
903,UM_1_0050377_abide_msp.nii-slice000.jpg,UM_1_0050377_abide_cc.nii-slice000.jpg
904,UM_1_0050378_abide_msp.nii-slice000.jpg,UM_1_0050378_abide_cc.nii-slice000.jpg
905,UM_1_0050379_abide_msp.nii-slice000.jpg,UM_1_0050379_abide_cc.nii-slice000.jpg
906,UM_1_0050380_abide_msp.nii-slice000.jpg,UM_1_0050380_abide_cc.nii-slice000.jpg
907,UM_1_0050381_abide_msp.nii-slice000.jpg,UM_1_0050381_abide_cc.nii-slice000.jpg
908,UM_2_0050382_abide_msp.nii-slice000.jpg,UM_2_0050382_abide_cc.nii-slice000.jpg
909,UM_2_0050383_abide_msp.nii-slice000.jpg,UM_2_0050383_abide_cc.nii-slice000.jpg
910,UM_2_0050385_abide_msp.nii-slice000.jpg,UM_2_0050385_abide_cc.nii-slice000.jpg
911,UM_2_0050386_abide_msp.nii-slice000.jpg,UM_2_0050386_abide_cc.nii-slice000.jpg
912,UM_2_0050387_abide_msp.nii-slice000.jpg,UM_2_0050387_abide_cc.nii-slice000.jpg
913,UM_2_0050388_abide_msp.nii-slice000.jpg,UM_2_0050388_abide_cc.nii-slice000.jpg
914,UM_2_0050390_abide_msp.nii-slice000.jpg,UM_2_0050390_abide_cc.nii-slice000.jpg
915,UM_2_0050391_abide_msp.nii-slice000.jpg,UM_2_0050391_abide_cc.nii-slice000.jpg
916,UM_2_0050397_abide_msp.nii-slice000.jpg,UM_2_0050397_abide_cc.nii-slice000.jpg
917,UM_2_0050399_abide_msp.nii-slice000.jpg,UM_2_0050399_abide_cc.nii-slice000.jpg
918,UM_2_0050402_abide_msp.nii-slice000.jpg,UM_2_0050402_abide_cc.nii-slice000.jpg
919,UM_2_0050403_abide_msp.nii-slice000.jpg,UM_2_0050403_abide_cc.nii-slice000.jpg
920,UM_2_0050404_abide_msp.nii-slice000.jpg,UM_2_0050404_abide_cc.nii-slice000.jpg
921,UM_2_0050405_abide_msp.nii-slice000.jpg,UM_2_0050405_abide_cc.nii-slice000.jpg
922,UM_2_0050406_abide_msp.nii-slice000.jpg,UM_2_0050406_abide_cc.nii-slice000.jpg
923,UM_2_0050407_abide_msp.nii-slice000.jpg,UM_2_0050407_abide_cc.nii-slice000.jpg
924,UM_2_0050408_abide_msp.nii-slice000.jpg,UM_2_0050408_abide_cc.nii-slice000.jpg
925,UM_2_0050410_abide_msp.nii-slice000.jpg,UM_2_0050410_abide_cc.nii-slice000.jpg
926,UM_2_0050411_abide_msp.nii-slice000.jpg,UM_2_0050411_abide_cc.nii-slice000.jpg
927,UM_2_0050412_abide_msp.nii-slice000.jpg,UM_2_0050412_abide_cc.nii-slice000.jpg
928,UM_2_0050413_abide_msp.nii-slice000.jpg,UM_2_0050413_abide_cc.nii-slice000.jpg
929,UM_2_0050414_abide_msp.nii-slice000.jpg,UM_2_0050414_abide_cc.nii-slice000.jpg
930,UM_2_0050415_abide_msp.nii-slice000.jpg,UM_2_0050415_abide_cc.nii-slice000.jpg
931,UM_2_0050416_abide_msp.nii-slice000.jpg,UM_2_0050416_abide_cc.nii-slice000.jpg
932,UM_2_0050417_abide_msp.nii-slice000.jpg,UM_2_0050417_abide_cc.nii-slice000.jpg
933,UM_2_0050418_abide_msp.nii-slice000.jpg,UM_2_0050418_abide_cc.nii-slice000.jpg
934,UM_2_0050419_abide_msp.nii-slice000.jpg,UM_2_0050419_abide_cc.nii-slice000.jpg
935,UM_2_0050421_abide_msp.nii-slice000.jpg,UM_2_0050421_abide_cc.nii-slice000.jpg
936,UM_2_0050422_abide_msp.nii-slice000.jpg,UM_2_0050422_abide_cc.nii-slice000.jpg
937,UM_2_0050423_abide_msp.nii-slice000.jpg,UM_2_0050423_abide_cc.nii-slice000.jpg
938,UM_2_0050424_abide_msp.nii-slice000.jpg,UM_2_0050424_abide_cc.nii-slice000.jpg
939,UM_2_0050425_abide_msp.nii-slice000.jpg,UM_2_0050425_abide_cc.nii-slice000.jpg
940,UM_2_0050426_abide_msp.nii-slice000.jpg,UM_2_0050426_abide_cc.nii-slice000.jpg
941,UM_2_0050427_abide_msp.nii-slice000.jpg,UM_2_0050427_abide_cc.nii-slice000.jpg
942,UM_2_0050428_abide_msp.nii-slice000.jpg,UM_2_0050428_abide_cc.nii-slice000.jpg
943,USM_0050432_abide_msp.nii-slice000.jpg,USM_0050432_abide_cc.nii-slice000.jpg
944,USM_0050433_abide_msp.nii-slice000.jpg,USM_0050433_abide_cc.nii-slice000.jpg
945,USM_0050434_abide_msp.nii-slice000.jpg,USM_0050434_abide_cc.nii-slice000.jpg
946,USM_0050435_abide_msp.nii-slice000.jpg,USM_0050435_abide_cc.nii-slice000.jpg
947,USM_0050436_abide_msp.nii-slice000.jpg,USM_0050436_abide_cc.nii-slice000.jpg
948,USM_0050437_abide_msp.nii-slice000.jpg,USM_0050437_abide_cc.nii-slice000.jpg
949,USM_0050438_abide_msp.nii-slice000.jpg,USM_0050438_abide_cc.nii-slice000.jpg
950,USM_0050439_abide_msp.nii-slice000.jpg,USM_0050439_abide_cc.nii-slice000.jpg
951,USM_0050440_abide_msp.nii-slice000.jpg,USM_0050440_abide_cc.nii-slice000.jpg
952,USM_0050441_abide_msp.nii-slice000.jpg,USM_0050441_abide_cc.nii-slice000.jpg
953,USM_0050442_abide_msp.nii-slice000.jpg,USM_0050442_abide_cc.nii-slice000.jpg
954,USM_0050443_abide_msp.nii-slice000.jpg,USM_0050443_abide_cc.nii-slice000.jpg
955,USM_0050444_abide_msp.nii-slice000.jpg,USM_0050444_abide_cc.nii-slice000.jpg
956,USM_0050445_abide_msp.nii-slice000.jpg,USM_0050445_abide_cc.nii-slice000.jpg
957,USM_0050446_abide_msp.nii-slice000.jpg,USM_0050446_abide_cc.nii-slice000.jpg
958,USM_0050447_abide_msp.nii-slice000.jpg,USM_0050447_abide_cc.nii-slice000.jpg
959,USM_0050448_abide_msp.nii-slice000.jpg,USM_0050448_abide_cc.nii-slice000.jpg
960,USM_0050449_abide_msp.nii-slice000.jpg,USM_0050449_abide_cc.nii-slice000.jpg
961,USM_0050450_abide_msp.nii-slice000.jpg,USM_0050450_abide_cc.nii-slice000.jpg
962,USM_0050451_abide_msp.nii-slice000.jpg,USM_0050451_abide_cc.nii-slice000.jpg
963,USM_0050452_abide_msp.nii-slice000.jpg,USM_0050452_abide_cc.nii-slice000.jpg
964,USM_0050453_abide_msp.nii-slice000.jpg,USM_0050453_abide_cc.nii-slice000.jpg
965,USM_0050454_abide_msp.nii-slice000.jpg,USM_0050454_abide_cc.nii-slice000.jpg
966,USM_0050455_abide_msp.nii-slice000.jpg,USM_0050455_abide_cc.nii-slice000.jpg
967,USM_0050456_abide_msp.nii-slice000.jpg,USM_0050456_abide_cc.nii-slice000.jpg
968,USM_0050457_abide_msp.nii-slice000.jpg,USM_0050457_abide_cc.nii-slice000.jpg
969,USM_0050458_abide_msp.nii-slice000.jpg,USM_0050458_abide_cc.nii-slice000.jpg
970,USM_0050459_abide_msp.nii-slice000.jpg,USM_0050459_abide_cc.nii-slice000.jpg
971,USM_0050460_abide_msp.nii-slice000.jpg,USM_0050460_abide_cc.nii-slice000.jpg
972,USM_0050461_abide_msp.nii-slice000.jpg,USM_0050461_abide_cc.nii-slice000.jpg
973,USM_0050462_abide_msp.nii-slice000.jpg,USM_0050462_abide_cc.nii-slice000.jpg
974,USM_0050463_abide_msp.nii-slice000.jpg,USM_0050463_abide_cc.nii-slice000.jpg
975,USM_0050464_abide_msp.nii-slice000.jpg,USM_0050464_abide_cc.nii-slice000.jpg
976,USM_0050465_abide_msp.nii-slice000.jpg,USM_0050465_abide_cc.nii-slice000.jpg
977,USM_0050466_abide_msp.nii-slice000.jpg,USM_0050466_abide_cc.nii-slice000.jpg
978,USM_0050467_abide_msp.nii-slice000.jpg,USM_0050467_abide_cc.nii-slice000.jpg
979,USM_0050468_abide_msp.nii-slice000.jpg,USM_0050468_abide_cc.nii-slice000.jpg
980,USM_0050469_abide_msp.nii-slice000.jpg,USM_0050469_abide_cc.nii-slice000.jpg
981,USM_0050470_abide_msp.nii-slice000.jpg,USM_0050470_abide_cc.nii-slice000.jpg
982,USM_0050471_abide_msp.nii-slice000.jpg,USM_0050471_abide_cc.nii-slice000.jpg
983,USM_0050472_abide_msp.nii-slice000.jpg,USM_0050472_abide_cc.nii-slice000.jpg
984,USM_0050473_abide_msp.nii-slice000.jpg,USM_0050473_abide_cc.nii-slice000.jpg
985,USM_0050474_abide_msp.nii-slice000.jpg,USM_0050474_abide_cc.nii-slice000.jpg
986,USM_0050475_abide_msp.nii-slice000.jpg,USM_0050475_abide_cc.nii-slice000.jpg
987,USM_0050476_abide_msp.nii-slice000.jpg,USM_0050476_abide_cc.nii-slice000.jpg
988,USM_0050477_abide_msp.nii-slice000.jpg,USM_0050477_abide_cc.nii-slice000.jpg
989,USM_0050478_abide_msp.nii-slice000.jpg,USM_0050478_abide_cc.nii-slice000.jpg
990,USM_0050479_abide_msp.nii-slice000.jpg,USM_0050479_abide_cc.nii-slice000.jpg
991,USM_0050480_abide_msp.nii-slice000.jpg,USM_0050480_abide_cc.nii-slice000.jpg
992,USM_0050481_abide_msp.nii-slice000.jpg,USM_0050481_abide_cc.nii-slice000.jpg
993,USM_0050482_abide_msp.nii-slice000.jpg,USM_0050482_abide_cc.nii-slice000.jpg
994,USM_0050483_abide_msp.nii-slice000.jpg,USM_0050483_abide_cc.nii-slice000.jpg
995,USM_0050484_abide_msp.nii-slice000.jpg,USM_0050484_abide_cc.nii-slice000.jpg
996,USM_0050485_abide_msp.nii-slice000.jpg,USM_0050485_abide_cc.nii-slice000.jpg
997,USM_0050486_abide_msp.nii-slice000.jpg,USM_0050486_abide_cc.nii-slice000.jpg
998,USM_0050487_abide_msp.nii-slice000.jpg,USM_0050487_abide_cc.nii-slice000.jpg
999,USM_0050488_abide_msp.nii-slice000.jpg,USM_0050488_abide_cc.nii-slice000.jpg
1000,USM_0050489_abide_msp.nii-slice000.jpg,USM_0050489_abide_cc.nii-slice000.jpg
1001,USM_0050490_abide_msp.nii-slice000.jpg,USM_0050490_abide_cc.nii-slice000.jpg
1002,USM_0050491_abide_msp.nii-slice000.jpg,USM_0050491_abide_cc.nii-slice000.jpg
1003,USM_0050492_abide_msp.nii-slice000.jpg,USM_0050492_abide_cc.nii-slice000.jpg
1004,USM_0050493_abide_msp.nii-slice000.jpg,USM_0050493_abide_cc.nii-slice000.jpg
1005,USM_0050494_abide_msp.nii-slice000.jpg,USM_0050494_abide_cc.nii-slice000.jpg
1006,USM_0050495_abide_msp.nii-slice000.jpg,USM_0050495_abide_cc.nii-slice000.jpg
1007,USM_0050496_abide_msp.nii-slice000.jpg,USM_0050496_abide_cc.nii-slice000.jpg
1008,USM_0050497_abide_msp.nii-slice000.jpg,USM_0050497_abide_cc.nii-slice000.jpg
1009,USM_0050498_abide_msp.nii-slice000.jpg,USM_0050498_abide_cc.nii-slice000.jpg
1010,USM_0050499_abide_msp.nii-slice000.jpg,USM_0050499_abide_cc.nii-slice000.jpg
1011,USM_0050500_abide_msp.nii-slice000.jpg,USM_0050500_abide_cc.nii-slice000.jpg
1012,USM_0050501_abide_msp.nii-slice000.jpg,USM_0050501_abide_cc.nii-slice000.jpg
1013,USM_0050502_abide_msp.nii-slice000.jpg,USM_0050502_abide_cc.nii-slice000.jpg
1014,USM_0050503_abide_msp.nii-slice000.jpg,USM_0050503_abide_cc.nii-slice000.jpg
1015,USM_0050504_abide_msp.nii-slice000.jpg,USM_0050504_abide_cc.nii-slice000.jpg
1016,USM_0050505_abide_msp.nii-slice000.jpg,USM_0050505_abide_cc.nii-slice000.jpg
1017,USM_0050506_abide_msp.nii-slice000.jpg,USM_0050506_abide_cc.nii-slice000.jpg
1018,USM_0050507_abide_msp.nii-slice000.jpg,USM_0050507_abide_cc.nii-slice000.jpg
1019,USM_0050508_abide_msp.nii-slice000.jpg,USM_0050508_abide_cc.nii-slice000.jpg
1020,USM_0050509_abide_msp.nii-slice000.jpg,USM_0050509_abide_cc.nii-slice000.jpg
1021,USM_0050510_abide_msp.nii-slice000.jpg,USM_0050510_abide_cc.nii-slice000.jpg
1022,USM_0050511_abide_msp.nii-slice000.jpg,USM_0050511_abide_cc.nii-slice000.jpg
1023,USM_0050512_abide_msp.nii-slice000.jpg,USM_0050512_abide_cc.nii-slice000.jpg
1024,USM_0050513_abide_msp.nii-slice000.jpg,USM_0050513_abide_cc.nii-slice000.jpg
1025,USM_0050514_abide_msp.nii-slice000.jpg,USM_0050514_abide_cc.nii-slice000.jpg
1026,USM_0050515_abide_msp.nii-slice000.jpg,USM_0050515_abide_cc.nii-slice000.jpg
1027,USM_0050516_abide_msp.nii-slice000.jpg,USM_0050516_abide_cc.nii-slice000.jpg
1028,USM_0050517_abide_msp.nii-slice000.jpg,USM_0050517_abide_cc.nii-slice000.jpg
1029,USM_0050518_abide_msp.nii-slice000.jpg,USM_0050518_abide_cc.nii-slice000.jpg
1030,USM_0050519_abide_msp.nii-slice000.jpg,USM_0050519_abide_cc.nii-slice000.jpg
1031,USM_0050520_abide_msp.nii-slice000.jpg,USM_0050520_abide_cc.nii-slice000.jpg
1032,USM_0050521_abide_msp.nii-slice000.jpg,USM_0050521_abide_cc.nii-slice000.jpg
1033,USM_0050522_abide_msp.nii-slice000.jpg,USM_0050522_abide_cc.nii-slice000.jpg
1034,USM_0050523_abide_msp.nii-slice000.jpg,USM_0050523_abide_cc.nii-slice000.jpg
1035,USM_0050524_abide_msp.nii-slice000.jpg,USM_0050524_abide_cc.nii-slice000.jpg
1036,USM_0050525_abide_msp.nii-slice000.jpg,USM_0050525_abide_cc.nii-slice000.jpg
1037,USM_0050526_abide_msp.nii-slice000.jpg,USM_0050526_abide_cc.nii-slice000.jpg
1038,USM_0050527_abide_msp.nii-slice000.jpg,USM_0050527_abide_cc.nii-slice000.jpg
1039,USM_0050528_abide_msp.nii-slice000.jpg,USM_0050528_abide_cc.nii-slice000.jpg
1040,USM_0050529_abide_msp.nii-slice000.jpg,USM_0050529_abide_cc.nii-slice000.jpg
1041,USM_0050530_abide_msp.nii-slice000.jpg,USM_0050530_abide_cc.nii-slice000.jpg
1042,USM_0050531_abide_msp.nii-slice000.jpg,USM_0050531_abide_cc.nii-slice000.jpg
1043,USM_0050532_abide_msp.nii-slice000.jpg,USM_0050532_abide_cc.nii-slice000.jpg
1044,Yale_0050551_abide_msp.nii-slice000.jpg,Yale_0050551_abide_cc.nii-slice000.jpg
1045,Yale_0050552_abide_msp.nii-slice000.jpg,Yale_0050552_abide_cc.nii-slice000.jpg
1046,Yale_0050553_abide_msp.nii-slice000.jpg,Yale_0050553_abide_cc.nii-slice000.jpg
1047,Yale_0050554_abide_msp.nii-slice000.jpg,Yale_0050554_abide_cc.nii-slice000.jpg
1048,Yale_0050555_abide_msp.nii-slice000.jpg,Yale_0050555_abide_cc.nii-slice000.jpg
1049,Yale_0050556_abide_msp.nii-slice000.jpg,Yale_0050556_abide_cc.nii-slice000.jpg
1050,Yale_0050557_abide_msp.nii-slice000.jpg,Yale_0050557_abide_cc.nii-slice000.jpg
1051,Yale_0050558_abide_msp.nii-slice000.jpg,Yale_0050558_abide_cc.nii-slice000.jpg
1052,Yale_0050559_abide_msp.nii-slice000.jpg,Yale_0050559_abide_cc.nii-slice000.jpg
1053,Yale_0050560_abide_msp.nii-slice000.jpg,Yale_0050560_abide_cc.nii-slice000.jpg
1054,Yale_0050561_abide_msp.nii-slice000.jpg,Yale_0050561_abide_cc.nii-slice000.jpg
1055,Yale_0050562_abide_msp.nii-slice000.jpg,Yale_0050562_abide_cc.nii-slice000.jpg
1056,Yale_0050563_abide_msp.nii-slice000.jpg,Yale_0050563_abide_cc.nii-slice000.jpg
1057,Yale_0050564_abide_msp.nii-slice000.jpg,Yale_0050564_abide_cc.nii-slice000.jpg
1058,Yale_0050565_abide_msp.nii-slice000.jpg,Yale_0050565_abide_cc.nii-slice000.jpg
1059,Yale_0050566_abide_msp.nii-slice000.jpg,Yale_0050566_abide_cc.nii-slice000.jpg
1060,Yale_0050567_abide_msp.nii-slice000.jpg,Yale_0050567_abide_cc.nii-slice000.jpg
1061,Yale_0050568_abide_msp.nii-slice000.jpg,Yale_0050568_abide_cc.nii-slice000.jpg
1062,Yale_0050569_abide_msp.nii-slice000.jpg,Yale_0050569_abide_cc.nii-slice000.jpg
1063,Yale_0050570_abide_msp.nii-slice000.jpg,Yale_0050570_abide_cc.nii-slice000.jpg
1064,Yale_0050571_abide_msp.nii-slice000.jpg,Yale_0050571_abide_cc.nii-slice000.jpg
1065,Yale_0050572_abide_msp.nii-slice000.jpg,Yale_0050572_abide_cc.nii-slice000.jpg
1066,Yale_0050573_abide_msp.nii-slice000.jpg,Yale_0050573_abide_cc.nii-slice000.jpg
1067,Yale_0050574_abide_msp.nii-slice000.jpg,Yale_0050574_abide_cc.nii-slice000.jpg
1068,Yale_0050575_abide_msp.nii-slice000.jpg,Yale_0050575_abide_cc.nii-slice000.jpg
1069,Yale_0050576_abide_msp.nii-slice000.jpg,Yale_0050576_abide_cc.nii-slice000.jpg
1070,Yale_0050577_abide_msp.nii-slice000.jpg,Yale_0050577_abide_cc.nii-slice000.jpg
1071,Yale_0050578_abide_msp.nii-slice000.jpg,Yale_0050578_abide_cc.nii-slice000.jpg
1072,Yale_0050601_abide_msp.nii-slice000.jpg,Yale_0050601_abide_cc.nii-slice000.jpg
1073,Yale_0050602_abide_msp.nii-slice000.jpg,Yale_0050602_abide_cc.nii-slice000.jpg
1074,Yale_0050603_abide_msp.nii-slice000.jpg,Yale_0050603_abide_cc.nii-slice000.jpg
1075,Yale_0050604_abide_msp.nii-slice000.jpg,Yale_0050604_abide_cc.nii-slice000.jpg
1076,Yale_0050605_abide_msp.nii-slice000.jpg,Yale_0050605_abide_cc.nii-slice000.jpg
1077,Yale_0050606_abide_msp.nii-slice000.jpg,Yale_0050606_abide_cc.nii-slice000.jpg
1078,Yale_0050607_abide_msp.nii-slice000.jpg,Yale_0050607_abide_cc.nii-slice000.jpg
1079,Yale_0050608_abide_msp.nii-slice000.jpg,Yale_0050608_abide_cc.nii-slice000.jpg
1080,Yale_0050609_abide_msp.nii-slice000.jpg,Yale_0050609_abide_cc.nii-slice000.jpg
1081,Yale_0050610_abide_msp.nii-slice000.jpg,Yale_0050610_abide_cc.nii-slice000.jpg
1082,Yale_0050611_abide_msp.nii-slice000.jpg,Yale_0050611_abide_cc.nii-slice000.jpg
1083,Yale_0050612_abide_msp.nii-slice000.jpg,Yale_0050612_abide_cc.nii-slice000.jpg
1084,Yale_0050613_abide_msp.nii-slice000.jpg,Yale_0050613_abide_cc.nii-slice000.jpg
1085,Yale_0050614_abide_msp.nii-slice000.jpg,Yale_0050614_abide_cc.nii-slice000.jpg
1086,Yale_0050615_abide_msp.nii-slice000.jpg,Yale_0050615_abide_cc.nii-slice000.jpg
1087,Yale_0050616_abide_msp.nii-slice000.jpg,Yale_0050616_abide_cc.nii-slice000.jpg
1088,Yale_0050617_abide_msp.nii-slice000.jpg,Yale_0050617_abide_cc.nii-slice000.jpg
1089,Yale_0050618_abide_msp.nii-slice000.jpg,Yale_0050618_abide_cc.nii-slice000.jpg
1090,Yale_0050619_abide_msp.nii-slice000.jpg,Yale_0050619_abide_cc.nii-slice000.jpg
1091,Yale_0050620_abide_msp.nii-slice000.jpg,Yale_0050620_abide_cc.nii-slice000.jpg
1092,Yale_0050621_abide_msp.nii-slice000.jpg,Yale_0050621_abide_cc.nii-slice000.jpg
1093,Yale_0050622_abide_msp.nii-slice000.jpg,Yale_0050622_abide_cc.nii-slice000.jpg
1094,Yale_0050623_abide_msp.nii-slice000.jpg,Yale_0050623_abide_cc.nii-slice000.jpg
1095,Yale_0050624_abide_msp.nii-slice000.jpg,Yale_0050624_abide_cc.nii-slice000.jpg
1096,Yale_0050625_abide_msp.nii-slice000.jpg,Yale_0050625_abide_cc.nii-slice000.jpg
1097,Yale_0050626_abide_msp.nii-slice000.jpg,Yale_0050626_abide_cc.nii-slice000.jpg
1098,Yale_0050627_abide_msp.nii-slice000.jpg,Yale_0050627_abide_cc.nii-slice000.jpg
1099,Yale_0050628_abide_msp.nii-slice000.jpg,Yale_0050628_abide_cc.nii-slice000.jpg
